Column1,ValuePM25
01.04.2021 0:00,106
02.04.2021 0:00,94
03.04.2021 0:00,69
04.04.2021 0:00,57
05.04.2021 0:00,67
06.04.2021 0:00,56
07.04.2021 0:00,50
08.04.2021 0:00,50
09.04.2021 0:00,68
10.04.2021 0:00,50
11.04.2021 0:00,66
12.04.2021 0:00,63
13.04.2021 0:00,62
14.04.2021 0:00,48
15.04.2021 0:00,62
16.04.2021 0:00,79
17.04.2021 0:00,91
18.04.2021 0:00,78
19.04.2021 0:00,100
20.04.2021 0:00,82
21.04.2021 0:00,80
22.04.2021 0:00,59
23.04.2021 0:00,64
24.04.2021 0:00,96
01.03.2021 0:00,124
02.03.2021 0:00,123
03.03.2021 0:00,134
04.03.2021 0:00,134
05.03.2021 0:00,107
06.03.2021 0:00,45
07.03.2021 0:00,124
08.03.2021 0:00,127
09.03.2021 0:00,82
10.03.2021 0:00,86
11.03.2021 0:00,120
12.03.2021 0:00,94
13.03.2021 0:00,92
14.03.2021 0:00,52
15.03.2021 0:00,56
16.03.2021 0:00,62
17.03.2021 0:00,63
18.03.2021 0:00,67
19.03.2021 0:00,89
20.03.2021 0:00,115
21.03.2021 0:00,104
22.03.2021 0:00,87
23.03.2021 0:00,53
24.03.2021 0:00,75
25.03.2021 0:00,110
26.03.2021 0:00,127
27.03.2021 0:00,117
28.03.2021 0:00,52
29.03.2021 0:00,97
30.03.2021 0:00,113
31.03.2021 0:00,108
01.02.2021 0:00,98
02.02.2021 0:00,154
03.02.2021 0:00,139
04.02.2021 0:00,82
05.02.2021 0:00,111
06.02.2021 0:00,161
07.02.2021 0:00,96
08.02.2021 0:00,58
09.02.2021 0:00,62
10.02.2021 0:00,78
11.02.2021 0:00,88
12.02.2021 0:00,69
13.02.2021 0:00,87
14.02.2021 0:00,111
15.02.2021 0:00,83
16.02.2021 0:00,117
17.02.2021 0:00,137
18.02.2021 0:00,99
19.02.2021 0:00,135
20.02.2021 0:00,150
21.02.2021 0:00,94
22.02.2021 0:00,137
23.02.2021 0:00,141
24.02.2021 0:00,164
25.02.2021 0:00,164
26.02.2021 0:00,164
27.02.2021 0:00,119
28.02.2021 0:00,81
04.01.2021 0:00,52
05.01.2021 0:00,106
06.01.2021 0:00,82
07.01.2021 0:00,65
08.01.2021 0:00,62
09.01.2021 0:00,124
10.01.2021 0:00,97
11.01.2021 0:00,125
12.01.2021 0:00,144
13.01.2021 0:00,138
14.01.2021 0:00,77
15.01.2021 0:00,77
16.01.2021 0:00,96
17.01.2021 0:00,100
18.01.2021 0:00,125
19.01.2021 0:00,114
20.01.2021 0:00,73
21.01.2021 0:00,56
22.01.2021 0:00,49
23.01.2021 0:00,43
24.01.2021 0:00,24
25.01.2021 0:00,39
26.01.2021 0:00,79
27.01.2021 0:00,82
28.01.2021 0:00,77
29.01.2021 0:00,74
30.01.2021 0:00,65
31.01.2021 0:00,92
01.10.2020 0:00,56
02.10.2020 0:00,44
03.10.2020 0:00,41
04.10.2020 0:00,41
05.10.2020 0:00,64
06.10.2020 0:00,53
07.10.2020 0:00,58
08.10.2020 0:00,33
09.10.2020 0:00,46
10.10.2020 0:00,65
11.10.2020 0:00,88
12.10.2020 0:00,56
13.10.2020 0:00,30
14.10.2020 0:00,38
15.10.2020 0:00,32
16.10.2020 0:00,60
17.10.2020 0:00,65
18.10.2020 0:00,83
19.10.2020 0:00,97
20.10.2020 0:00,94
21.10.2020 0:00,72
22.10.2020 0:00,116
23.10.2020 0:00,151
24.10.2020 0:00,145
25.10.2020 0:00,112
26.10.2020 0:00,79
27.10.2020 0:00,57
28.10.2020 0:00,82
29.10.2020 0:00,97
30.10.2020 0:00,59
31.10.2020 0:00,66
01.11.2020 0:00,79
02.11.2020 0:00,127
03.11.2020 0:00,148
04.11.2020 0:00,102
05.11.2020 0:00,59
06.11.2020 0:00,73
07.11.2020 0:00,109
08.11.2020 0:00,119
09.11.2020 0:00,62
10.11.2020 0:00,60
11.11.2020 0:00,44
12.11.2020 0:00,77
13.11.2020 0:00,147
14.11.2020 0:00,122
15.11.2020 0:00,115
16.11.2020 0:00,140
17.11.2020 0:00,100
18.11.2020 0:00,104
19.11.2020 0:00,67
20.11.2020 0:00,74
21.11.2020 0:00,61
22.11.2020 0:00,97
23.11.2020 0:00,129
24.11.2020 0:00,142
25.11.2020 0:00,115
26.11.2020 0:00,94
27.11.2020 0:00,103
28.11.2020 0:00,107
29.11.2020 0:00,76
30.11.2020 0:00,115
01.12.2020 0:00,131
02.12.2020 0:00,83
03.12.2020 0:00,62
04.12.2020 0:00,53
05.12.2020 0:00,63
06.12.2020 0:00,48
07.12.2020 0:00,22
08.12.2020 0:00,37
09.12.2020 0:00,25
10.12.2020 0:00,83
11.12.2020 0:00,108
12.12.2020 0:00,85
13.12.2020 0:00,84
14.12.2020 0:00,77
15.12.2020 0:00,91
16.12.2020 0:00,120
17.12.2020 0:00,152
18.12.2020 0:00,108
19.12.2020 0:00,109
20.12.2020 0:00,105
21.12.2020 0:00,69
22.12.2020 0:00,109
23.12.2020 0:00,149
24.12.2020 0:00,109
25.12.2020 0:00,64
26.12.2020 0:00,66
27.12.2020 0:00,43
28.12.2020 0:00,32
29.12.2020 0:00,27
30.12.2020 0:00,67
31.12.2020 0:00,102
01.01.2021 0:00,94
02.01.2021 0:00,58
03.01.2021 0:00,61
01.07.2020 0:00,30
02.07.2020 0:00,61
03.07.2020 0:00,65
04.07.2020 0:00,46
05.07.2020 0:00,56
06.07.2020 0:00,53
07.07.2020 0:00,36
08.07.2020 0:00,46
09.07.2020 0:00,46
10.07.2020 0:00,36
11.07.2020 0:00,29
12.07.2020 0:00,26
13.07.2020 0:00,24
14.07.2020 0:00,27
15.07.2020 0:00,53
16.07.2020 0:00,66
17.07.2020 0:00,45
18.07.2020 0:00,47
19.07.2020 0:00,43
20.07.2020 0:00,38
21.07.2020 0:00,54
22.07.2020 0:00,62
23.07.2020 0:00,55
24.07.2020 0:00,69
25.07.2020 0:00,49
26.07.2020 0:00,49
27.07.2020 0:00,51
28.07.2020 0:00,42
29.07.2020 0:00,50
30.07.2020 0:00,55
31.07.2020 0:00,61
01.08.2020 0:00,38
02.08.2020 0:00,30
03.08.2020 0:00,43
04.08.2020 0:00,50
05.08.2020 0:00,42
06.08.2020 0:00,54
07.08.2020 0:00,43
08.08.2020 0:00,54
09.08.2020 0:00,65
10.08.2020 0:00,74
11.08.2020 0:00,70
12.08.2020 0:00,57
13.08.2020 0:00,54
14.08.2020 0:00,66
15.08.2020 0:00,58
16.08.2020 0:00,49
17.08.2020 0:00,47
18.08.2020 0:00,51
19.08.2020 0:00,35
20.08.2020 0:00,39
21.08.2020 0:00,52
22.08.2020 0:00,61
23.08.2020 0:00,63
24.08.2020 0:00,42
25.08.2020 0:00,32
26.08.2020 0:00,34
27.08.2020 0:00,38
28.08.2020 0:00,28
29.08.2020 0:00,30
30.08.2020 0:00,37
31.08.2020 0:00,45
01.09.2020 0:00,22
02.09.2020 0:00,20
03.09.2020 0:00,49
04.09.2020 0:00,45
05.09.2020 0:00,49
06.09.2020 0:00,50
07.09.2020 0:00,54
08.09.2020 0:00,43
09.09.2020 0:00,49
10.09.2020 0:00,52
11.09.2020 0:00,71
12.09.2020 0:00,59
13.09.2020 0:00,71
14.09.2020 0:00,77
15.09.2020 0:00,67
16.09.2020 0:00,42
17.09.2020 0:00,44
18.09.2020 0:00,43
19.09.2020 0:00,46
20.09.2020 0:00,53
21.09.2020 0:00,41
22.09.2020 0:00,42
23.09.2020 0:00,46
24.09.2020 0:00,41
25.09.2020 0:00,39
26.09.2020 0:00,30
27.09.2020 0:00,41
28.09.2020 0:00,27
29.09.2020 0:00,38
30.09.2020 0:00,49
01.04.2020 0:00,57
02.04.2020 0:00,72
03.04.2020 0:00,90
04.04.2020 0:00,111
05.04.2020 0:00,79
06.04.2020 0:00,73
07.04.2020 0:00,55
08.04.2020 0:00,73
09.04.2020 0:00,117
10.04.2020 0:00,94
11.04.2020 0:00,54
12.04.2020 0:00,62
13.04.2020 0:00,84
14.04.2020 0:00,68
15.04.2020 0:00,67
16.04.2020 0:00,68
17.04.2020 0:00,62
18.04.2020 0:00,51
19.04.2020 0:00,63
20.04.2020 0:00,36
21.04.2020 0:00,58
22.04.2020 0:00,67
23.04.2020 0:00,67
24.04.2020 0:00,75
25.04.2020 0:00,61
26.04.2020 0:00,46
27.04.2020 0:00,66
28.04.2020 0:00,48
29.04.2020 0:00,34
30.04.2020 0:00,37
01.05.2020 0:00,40
02.05.2020 0:00,32
03.05.2020 0:00,38
04.05.2020 0:00,50
05.05.2020 0:00,47
06.05.2020 0:00,36
07.05.2020 0:00,36
08.05.2020 0:00,54
09.05.2020 0:00,51
10.05.2020 0:00,55
11.05.2020 0:00,39
12.05.2020 0:00,32
13.05.2020 0:00,22
14.05.2020 0:00,35
15.05.2020 0:00,59
16.05.2020 0:00,51
17.05.2020 0:00,62
18.05.2020 0:00,48
19.05.2020 0:00,46
20.05.2020 0:00,50
21.05.2020 0:00,19
22.05.2020 0:00,17
23.05.2020 0:00,22
24.05.2020 0:00,15
25.05.2020 0:00,12
26.05.2020 0:00,20
27.05.2020 0:00,19
28.05.2020 0:00,22
29.05.2020 0:00,23
30.05.2020 0:00,22
31.05.2020 0:00,12
01.06.2020 0:00,22
02.06.2020 0:00,18
03.06.2020 0:00,16
04.06.2020 0:00,13
05.06.2020 0:00,11
06.06.2020 0:00,38
07.06.2020 0:00,46
08.06.2020 0:00,54
09.06.2020 0:00,49
10.06.2020 0:00,58
11.06.2020 0:00,57
12.06.2020 0:00,30
13.06.2020 0:00,32
14.06.2020 0:00,36
15.06.2020 0:00,37
16.06.2020 0:00,52
17.06.2020 0:00,64
18.06.2020 0:00,52
19.06.2020 0:00,34
20.06.2020 0:00,26
21.06.2020 0:00,28
22.06.2020 0:00,40
23.06.2020 0:00,43
24.06.2020 0:00,41
25.06.2020 0:00,61
26.06.2020 0:00,59
27.06.2020 0:00,47
28.06.2020 0:00,43
29.06.2020 0:00,56
30.06.2020 0:00,23
01.01.2020 0:00,144
02.01.2020 0:00,160
03.01.2020 0:00,183
04.01.2020 0:00,165
05.01.2020 0:00,72
06.01.2020 0:00,97
07.01.2020 0:00,164
08.01.2020 0:00,178
09.01.2020 0:00,162
10.01.2020 0:00,184
11.01.2020 0:00,185
12.01.2020 0:00,169
13.01.2020 0:00,165
14.01.2020 0:00,168
15.01.2020 0:00,192
16.01.2020 0:00,161
17.01.2020 0:00,152
18.01.2020 0:00,159
19.01.2020 0:00,126
20.01.2020 0:00,150
21.01.2020 0:00,131
22.01.2020 0:00,152
23.01.2020 0:00,126
24.01.2020 0:00,151
25.01.2020 0:00,205
26.01.2020 0:00,207
27.01.2020 0:00,155
28.01.2020 0:00,115
29.01.2020 0:00,50
30.01.2020 0:00,100
31.01.2020 0:00,93
01.02.2020 0:00,80
02.02.2020 0:00,52
03.02.2020 0:00,83
04.02.2020 0:00,58
05.02.2020 0:00,29
06.02.2020 0:00,53
07.02.2020 0:00,79
08.02.2020 0:00,75
09.02.2020 0:00,148
10.02.2020 0:00,81
11.02.2020 0:00,25
12.02.2020 0:00,56
13.02.2020 0:00,79
14.02.2020 0:00,95
15.02.2020 0:00,95
16.02.2020 0:00,117
17.02.2020 0:00,124
18.02.2020 0:00,127
19.02.2020 0:00,110
20.02.2020 0:00,75
21.02.2020 0:00,99
22.02.2020 0:00,82
23.02.2020 0:00,112
24.02.2020 0:00,75
25.02.2020 0:00,89
26.02.2020 0:00,74
27.02.2020 0:00,58
28.02.2020 0:00,42
29.02.2020 0:00,50
01.03.2020 0:00,52
02.03.2020 0:00,29
03.03.2020 0:00,75
04.03.2020 0:00,79
05.03.2020 0:00,93
06.03.2020 0:00,69
07.03.2020 0:00,89
08.03.2020 0:00,85
09.03.2020 0:00,100
10.03.2020 0:00,104
11.03.2020 0:00,98
12.03.2020 0:00,77
13.03.2020 0:00,68
14.03.2020 0:00,57
15.03.2020 0:00,55
16.03.2020 0:00,49
17.03.2020 0:00,74
18.03.2020 0:00,125
19.03.2020 0:00,123
20.03.2020 0:00,131
21.03.2020 0:00,109
22.03.2020 0:00,44
23.03.2020 0:00,54
24.03.2020 0:00,49
25.03.2020 0:00,69
26.03.2020 0:00,92
27.03.2020 0:00,179
28.03.2020 0:00,146
29.03.2020 0:00,131
30.03.2020 0:00,94
31.03.2020 0:00,46
01.10.2019 0:00,34
02.10.2019 0:00,51
03.10.2019 0:00,47
04.10.2019 0:00,51
05.10.2019 0:00,74
06.10.2019 0:00,59
07.10.2019 0:00,78
08.10.2019 0:00,59
09.10.2019 0:00,72
10.10.2019 0:00,79
11.10.2019 0:00,53
12.10.2019 0:00,81
13.10.2019 0:00,114
14.10.2019 0:00,135
15.10.2019 0:00,142
16.10.2019 0:00,106
17.10.2019 0:00,127
18.10.2019 0:00,145
19.10.2019 0:00,156
20.10.2019 0:00,144
21.10.2019 0:00,122
22.10.2019 0:00,159
23.10.2019 0:00,132
24.10.2019 0:00,114
25.10.2019 0:00,160
26.10.2019 0:00,180
27.10.2019 0:00,171
28.10.2019 0:00,164
29.10.2019 0:00,113
30.10.2019 0:00,72
31.10.2019 0:00,64
01.11.2019 0:00,56
02.11.2019 0:00,65
03.11.2019 0:00,54
04.11.2019 0:00,49
05.11.2019 0:00,24
06.11.2019 0:00,35
07.11.2019 0:00,62
08.11.2019 0:00,78
09.11.2019 0:00,40
10.11.2019 0:00,76
11.11.2019 0:00,82
12.11.2019 0:00,68
13.11.2019 0:00,37
14.11.2019 0:00,80
15.11.2019 0:00,76
16.11.2019 0:00,56
17.11.2019 0:00,47
18.11.2019 0:00,60
19.11.2019 0:00,68
20.11.2019 0:00,51
21.11.2019 0:00,43
22.11.2019 0:00,14
23.11.2019 0:00,34
24.11.2019 0:00,42
25.11.2019 0:00,39
26.11.2019 0:00,104
27.11.2019 0:00,109
28.11.2019 0:00,66
29.11.2019 0:00,77
30.11.2019 0:00,59
01.12.2019 0:00,84
02.12.2019 0:00,70
03.12.2019 0:00,88
04.12.2019 0:00,134
05.12.2019 0:00,126
06.12.2019 0:00,149
07.12.2019 0:00,178
08.12.2019 0:00,165
09.12.2019 0:00,133
10.12.2019 0:00,98
11.12.2019 0:00,82
12.12.2019 0:00,119
13.12.2019 0:00,105
14.12.2019 0:00,82
15.12.2019 0:00,128
16.12.2019 0:00,169
17.12.2019 0:00,177
18.12.2019 0:00,180
19.12.2019 0:00,172
20.12.2019 0:00,81
21.12.2019 0:00,46
22.12.2019 0:00,36
23.12.2019 0:00,26
24.12.2019 0:00,41
25.12.2019 0:00,95
26.12.2019 0:00,60
27.12.2019 0:00,87
28.12.2019 0:00,58
29.12.2019 0:00,69
29.07.2019 0:00,60
30.07.2019 0:00,66
31.07.2019 0:00,67
01.08.2019 0:00,56
02.08.2019 0:00,60
03.08.2019 0:00,46
04.08.2019 0:00,56
05.08.2019 0:00,47
06.08.2019 0:00,48
07.08.2019 0:00,61
08.08.2019 0:00,65
09.08.2019 0:00,35
10.08.2019 0:00,48
11.08.2019 0:00,51
12.08.2019 0:00,53
13.08.2019 0:00,43
14.08.2019 0:00,44
15.08.2019 0:00,29
16.08.2019 0:00,43
17.08.2019 0:00,41
18.08.2019 0:00,41
19.08.2019 0:00,46
20.08.2019 0:00,48
21.08.2019 0:00,45
22.08.2019 0:00,53
23.08.2019 0:00,78
24.08.2019 0:00,65
25.08.2019 0:00,67
26.08.2019 0:00,64
27.08.2019 0:00,57
28.08.2019 0:00,55
29.08.2019 0:00,49
30.08.2019 0:00,71
31.08.2019 0:00,76
01.09.2019 0:00,48
02.09.2019 0:00,43
03.09.2019 0:00,36
04.09.2019 0:00,43
05.09.2019 0:00,69
06.09.2019 0:00,65
07.09.2019 0:00,65
08.09.2019 0:00,75
09.09.2019 0:00,52
10.09.2019 0:00,52
11.09.2019 0:00,59
12.09.2019 0:00,69
13.09.2019 0:00,49
14.09.2019 0:00,51
15.09.2019 0:00,51
16.09.2019 0:00,70
17.09.2019 0:00,84
18.09.2019 0:00,43
19.09.2019 0:00,52
20.09.2019 0:00,45
21.09.2019 0:00,52
22.09.2019 0:00,57
23.09.2019 0:00,86
24.09.2019 0:00,84
25.09.2019 0:00,86
26.09.2019 0:00,85
27.09.2019 0:00,46
28.09.2019 0:00,45
29.09.2019 0:00,59
30.09.2019 0:00,58
01.04.2019 0:00,106
02.04.2019 0:00,73
03.04.2019 0:00,76
04.04.2019 0:00,65
05.04.2019 0:00,61
06.04.2019 0:00,62
07.04.2019 0:00,69
08.04.2019 0:00,84
09.04.2019 0:00,108
10.04.2019 0:00,87
11.04.2019 0:00,81
12.04.2019 0:00,67
13.04.2019 0:00,90
14.04.2019 0:00,79
15.04.2019 0:00,78
16.04.2019 0:00,92
17.04.2019 0:00,92
18.04.2019 0:00,74
19.04.2019 0:00,87
20.04.2019 0:00,72
21.04.2019 0:00,84
22.04.2019 0:00,75
23.04.2019 0:00,56
24.04.2019 0:00,56
25.04.2019 0:00,56
26.04.2019 0:00,55
27.04.2019 0:00,24
28.04.2019 0:00,32
29.04.2019 0:00,62
30.04.2019 0:00,44
01.05.2019 0:00,49
02.05.2019 0:00,56
03.05.2019 0:00,35
04.05.2019 0:00,30
05.05.2019 0:00,36
06.05.2019 0:00,22
07.05.2019 0:00,45
08.05.2019 0:00,49
09.05.2019 0:00,46
10.05.2019 0:00,20
11.05.2019 0:00,25
12.05.2019 0:00,13
13.05.2019 0:00,23
14.05.2019 0:00,16
15.05.2019 0:00,23
16.05.2019 0:00,43
17.05.2019 0:00,63
18.05.2019 0:00,43
19.05.2019 0:00,27
20.05.2019 0:00,18
21.05.2019 0:00,13
22.05.2019 0:00,16
23.05.2019 0:00,27
24.05.2019 0:00,39
25.05.2019 0:00,40
26.05.2019 0:00,29
27.05.2019 0:00,25
28.05.2019 0:00,14
29.05.2019 0:00,7
30.05.2019 0:00,6
31.05.2019 0:00,7
01.06.2019 0:00,2
02.06.2019 0:00,6
03.06.2019 0:00,3
01.01.2019 0:00,98
02.01.2019 0:00,80
03.01.2019 0:00,67
04.01.2019 0:00,111
05.01.2019 0:00,119
06.01.2019 0:00,87
07.01.2019 0:00,114
08.01.2019 0:00,136
09.01.2019 0:00,139
10.01.2019 0:00,122
11.01.2019 0:00,143
12.01.2019 0:00,129
13.01.2019 0:00,140
14.01.2019 0:00,66
15.01.2019 0:00,51
16.01.2019 0:00,96
17.01.2019 0:00,116
18.01.2019 0:00,90
19.01.2019 0:00,107
20.01.2019 0:00,93
21.01.2019 0:00,101
22.01.2019 0:00,97
23.01.2019 0:00,131
24.01.2019 0:00,109
25.01.2019 0:00,148
26.01.2019 0:00,132
27.01.2019 0:00,144
28.01.2019 0:00,94
29.01.2019 0:00,146
30.01.2019 0:00,175
31.01.2019 0:00,163
01.02.2019 0:00,86
02.02.2019 0:00,45
03.02.2019 0:00,55
04.02.2019 0:00,79
05.02.2019 0:00,111
06.02.2019 0:00,104
07.02.2019 0:00,118
08.02.2019 0:00,115
09.02.2019 0:00,139
10.02.2019 0:00,145
11.02.2019 0:00,54
12.02.2019 0:00,42
13.02.2019 0:00,82
14.02.2019 0:00,106
15.02.2019 0:00,129
16.02.2019 0:00,155
17.02.2019 0:00,167
18.02.2019 0:00,167
19.02.2019 0:00,165
20.02.2019 0:00,145
21.02.2019 0:00,135
22.02.2019 0:00,104
23.02.2019 0:00,50
24.02.2019 0:00,120
25.02.2019 0:00,118
26.02.2019 0:00,135
27.02.2019 0:00,97
28.02.2019 0:00,112
01.03.2019 0:00,118
02.03.2019 0:00,82
03.03.2019 0:00,106
04.03.2019 0:00,77
05.03.2019 0:00,49
06.03.2019 0:00,72
07.03.2019 0:00,55
08.03.2019 0:00,59
09.03.2019 0:00,60
10.03.2019 0:00,46
11.03.2019 0:00,42
12.03.2019 0:00,58
13.03.2019 0:00,99
14.03.2019 0:00,105
15.03.2019 0:00,79
16.03.2019 0:00,68
17.03.2019 0:00,63
18.03.2019 0:00,56
19.03.2019 0:00,55
20.03.2019 0:00,83
21.03.2019 0:00,94
22.03.2019 0:00,125
23.03.2019 0:00,114
24.03.2019 0:00,112
25.03.2019 0:00,99
26.03.2019 0:00,58
27.03.2019 0:00,61
28.03.2019 0:00,67
29.03.2019 0:00,99
30.03.2019 0:00,108
31.03.2019 0:00,110
01.10.2018 0:00,64
02.10.2018 0:00,102
03.10.2018 0:00,85
04.10.2018 0:00,96
05.10.2018 0:00,113
06.10.2018 0:00,79
07.10.2018 0:00,75
08.10.2018 0:00,109
09.10.2018 0:00,121
10.10.2018 0:00,103
11.10.2018 0:00,105
12.10.2018 0:00,104
13.10.2018 0:00,95
14.10.2018 0:00,83
15.10.2018 0:00,62
16.10.2018 0:00,84
17.10.2018 0:00,100
18.10.2018 0:00,104
19.10.2018 0:00,138
20.10.2018 0:00,120
21.10.2018 0:00,96
22.10.2018 0:00,94
23.10.2018 0:00,130
24.10.2018 0:00,74
25.10.2018 0:00,44
26.10.2018 0:00,70
27.10.2018 0:00,42
28.10.2018 0:00,55
29.10.2018 0:00,54
30.10.2018 0:00,68
31.10.2018 0:00,82
01.11.2018 0:00,102
02.11.2018 0:00,80
03.11.2018 0:00,72
04.11.2018 0:00,70
05.11.2018 0:00,68
06.11.2018 0:00,70
07.11.2018 0:00,65
08.11.2018 0:00,74
09.11.2018 0:00,106
10.11.2018 0:00,144
11.11.2018 0:00,149
12.11.2018 0:00,151
13.11.2018 0:00,116
14.11.2018 0:00,111
15.11.2018 0:00,101
16.11.2018 0:00,99
17.11.2018 0:00,77
18.11.2018 0:00,89
19.11.2018 0:00,111
20.11.2018 0:00,69
21.11.2018 0:00,57
22.11.2018 0:00,61
23.11.2018 0:00,85
24.11.2018 0:00,93
25.11.2018 0:00,102
26.11.2018 0:00,74
27.11.2018 0:00,71
28.11.2018 0:00,79
29.11.2018 0:00,71
30.11.2018 0:00,81
01.12.2018 0:00,139
02.12.2018 0:00,166
03.12.2018 0:00,166
04.12.2018 0:00,158
05.12.2018 0:00,74
06.12.2018 0:00,146
07.12.2018 0:00,165
08.12.2018 0:00,136
09.12.2018 0:00,84
10.12.2018 0:00,65
11.12.2018 0:00,76
12.12.2018 0:00,83
13.12.2018 0:00,111
14.12.2018 0:00,91
15.12.2018 0:00,108
16.12.2018 0:00,127
17.12.2018 0:00,181
18.12.2018 0:00,158
19.12.2018 0:00,171
20.12.2018 0:00,176
21.12.2018 0:00,231
22.12.2018 0:00,130
23.12.2018 0:00,141
24.12.2018 0:00,53
25.12.2018 0:00,60
26.12.2018 0:00,89
27.12.2018 0:00,108
28.12.2018 0:00,121
29.12.2018 0:00,107
30.12.2018 0:00,108
01.07.2018 0:00,30
02.07.2018 0:00,34
03.07.2018 0:00,40
04.07.2018 0:00,51
05.07.2018 0:00,88
06.07.2018 0:00,79
07.07.2018 0:00,65
08.07.2018 0:00,65
09.07.2018 0:00,52
10.07.2018 0:00,58
11.07.2018 0:00,65
12.07.2018 0:00,66
13.07.2018 0:00,61
14.07.2018 0:00,54
15.07.2018 0:00,63
16.07.2018 0:00,50
17.07.2018 0:00,73
18.07.2018 0:00,57
19.07.2018 0:00,55
20.07.2018 0:00,55
21.07.2018 0:00,75
22.07.2018 0:00,59
23.07.2018 0:00,47
24.07.2018 0:00,66
25.07.2018 0:00,60
26.07.2018 0:00,56
27.07.2018 0:00,59
28.07.2018 0:00,53
29.07.2018 0:00,59
30.07.2018 0:00,60
31.07.2018 0:00,66
01.08.2018 0:00,69
02.08.2018 0:00,59
03.08.2018 0:00,68
04.08.2018 0:00,68
05.08.2018 0:00,66
06.08.2018 0:00,75
07.08.2018 0:00,67
08.08.2018 0:00,65
09.08.2018 0:00,57
10.08.2018 0:00,36
11.08.2018 0:00,35
12.08.2018 0:00,53
13.08.2018 0:00,46
14.08.2018 0:00,55
15.08.2018 0:00,53
16.08.2018 0:00,64
17.08.2018 0:00,71
18.08.2018 0:00,75
19.08.2018 0:00,71
20.08.2018 0:00,77
21.08.2018 0:00,75
22.08.2018 0:00,79
23.08.2018 0:00,59
24.08.2018 0:00,55
25.08.2018 0:00,73
26.08.2018 0:00,72
27.08.2018 0:00,49
28.08.2018 0:00,53
29.08.2018 0:00,61
30.08.2018 0:00,57
31.08.2018 0:00,67
01.09.2018 0:00,60
02.09.2018 0:00,71
03.09.2018 0:00,71
04.09.2018 0:00,56
05.09.2018 0:00,58
06.09.2018 0:00,67
07.09.2018 0:00,74
08.09.2018 0:00,74
09.09.2018 0:00,61
10.09.2018 0:00,62
11.09.2018 0:00,56
12.09.2018 0:00,58
13.09.2018 0:00,57
14.09.2018 0:00,64
15.09.2018 0:00,77
16.09.2018 0:00,51
17.09.2018 0:00,68
18.09.2018 0:00,69
19.09.2018 0:00,66
20.09.2018 0:00,57
21.09.2018 0:00,50
22.09.2018 0:00,62
23.09.2018 0:00,70
24.09.2018 0:00,43
25.09.2018 0:00,31
26.09.2018 0:00,66
27.09.2018 0:00,108
28.09.2018 0:00,102
29.09.2018 0:00,115
30.09.2018 0:00,72
15.05.2018 0:00,13
16.05.2018 0:00,9
17.05.2018 0:00,12
18.05.2018 0:00,18
19.05.2018 0:00,25
20.05.2018 0:00,23
21.05.2018 0:00,19
22.05.2018 0:00,17
23.05.2018 0:00,18
24.05.2018 0:00,21
25.05.2018 0:00,24
26.05.2018 0:00,24
27.05.2018 0:00,21
28.05.2018 0:00,39
29.05.2018 0:00,44
30.05.2018 0:00,46
31.05.2018 0:00,46
01.06.2018 0:00,54
02.06.2018 0:00,96
03.06.2018 0:00,97
04.06.2018 0:00,58
05.06.2018 0:00,55
06.06.2018 0:00,70
07.06.2018 0:00,61
08.06.2018 0:00,57
09.06.2018 0:00,66
10.06.2018 0:00,74
11.06.2018 0:00,78
12.06.2018 0:00,88
13.06.2018 0:00,55
14.06.2018 0:00,68
15.06.2018 0:00,67
16.06.2018 0:00,66
17.06.2018 0:00,60
18.06.2018 0:00,50
19.06.2018 0:00,75
20.06.2018 0:00,72
21.06.2018 0:00,77
22.06.2018 0:00,55
23.06.2018 0:00,28
24.06.2018 0:00,33
25.06.2018 0:00,35
26.06.2018 0:00,45
27.06.2018 0:00,55
28.06.2018 0:00,63
29.06.2018 0:00,52
30.06.2018 0:00,49
01.07.2017 0:00,6
02.07.2017 0:00,19
03.07.2017 0:00,18
04.07.2017 0:00,26
05.07.2017 0:00,28
06.07.2017 0:00,27
07.07.2017 0:00,21
08.07.2017 0:00,25
09.07.2017 0:00,45
10.07.2017 0:00,42
11.07.2017 0:00,42
12.07.2017 0:00,29
13.07.2017 0:00,20
14.07.2017 0:00,14
15.07.2017 0:00,33
16.07.2017 0:00,27
17.07.2017 0:00,23
18.07.2017 0:00,46
19.07.2017 0:00,51
01.04.2017 0:00,57
02.04.2017 0:00,43
03.04.2017 0:00,29
04.04.2017 0:00,47
05.04.2017 0:00,63
06.04.2017 0:00,57
07.04.2017 0:00,36
08.04.2017 0:00,50
09.04.2017 0:00,53
10.04.2017 0:00,64
11.04.2017 0:00,62
12.04.2017 0:00,49
13.04.2017 0:00,55
14.04.2017 0:00,30
15.04.2017 0:00,47
16.04.2017 0:00,56
17.04.2017 0:00,37
18.04.2017 0:00,48
19.04.2017 0:00,44
20.04.2017 0:00,39
21.04.2017 0:00,74
22.04.2017 0:00,85
23.04.2017 0:00,55
24.04.2017 0:00,48
25.04.2017 0:00,30
26.04.2017 0:00,26
27.04.2017 0:00,45
28.04.2017 0:00,44
29.04.2017 0:00,43
30.04.2017 0:00,56
01.05.2017 0:00,57
02.05.2017 0:00,56
03.05.2017 0:00,57
04.05.2017 0:00,63
05.05.2017 0:00,72
06.05.2017 0:00,56
07.05.2017 0:00,67
08.05.2017 0:00,48
09.05.2017 0:00,57
10.05.2017 0:00,37
11.05.2017 0:00,25
12.05.2017 0:00,28
13.05.2017 0:00,31
14.05.2017 0:00,33
15.05.2017 0:00,39
16.05.2017 0:00,44
17.05.2017 0:00,53
18.05.2017 0:00,30
19.05.2017 0:00,20
20.05.2017 0:00,40
21.05.2017 0:00,37
22.05.2017 0:00,49
23.05.2017 0:00,58
24.05.2017 0:00,59
25.05.2017 0:00,36
26.05.2017 0:00,39
27.05.2017 0:00,31
28.05.2017 0:00,38
29.05.2017 0:00,15
30.05.2017 0:00,34
31.05.2017 0:00,48
01.06.2017 0:00,58
02.06.2017 0:00,46
03.06.2017 0:00,36
04.06.2017 0:00,38
05.06.2017 0:00,50
06.06.2017 0:00,54
07.06.2017 0:00,36
08.06.2017 0:00,8
09.06.2017 0:00,15
10.06.2017 0:00,35
11.06.2017 0:00,16
12.06.2017 0:00,27
13.06.2017 0:00,41
14.06.2017 0:00,51
15.06.2017 0:00,38
16.06.2017 0:00,36
17.06.2017 0:00,27
18.06.2017 0:00,22
19.06.2017 0:00,41
20.06.2017 0:00,47
21.06.2017 0:00,55
22.06.2017 0:00,44
23.06.2017 0:00,50
24.06.2017 0:00,35
25.06.2017 0:00,37
26.06.2017 0:00,26
27.06.2017 0:00,32
28.06.2017 0:00,29
29.06.2017 0:00,33
30.06.2017 0:00,22
02.01.2017 0:00,172
03.01.2017 0:00,136
04.01.2017 0:00,176
05.01.2017 0:00,117
06.01.2017 0:00,53
07.01.2017 0:00,84
08.01.2017 0:00,124
09.01.2017 0:00,129
10.01.2017 0:00,126
11.01.2017 0:00,161
12.01.2017 0:00,179
13.01.2017 0:00,82
14.01.2017 0:00,71
15.01.2017 0:00,139
16.01.2017 0:00,134
17.01.2017 0:00,53
18.01.2017 0:00,56
19.01.2017 0:00,73
20.01.2017 0:00,170
21.01.2017 0:00,209
22.01.2017 0:00,188
23.01.2017 0:00,187
24.01.2017 0:00,164
25.01.2017 0:00,152
26.01.2017 0:00,150
27.01.2017 0:00,142
28.01.2017 0:00,150
29.01.2017 0:00,165
30.01.2017 0:00,119
31.01.2017 0:00,98
01.02.2017 0:00,146
02.02.2017 0:00,133
03.02.2017 0:00,93
04.02.2017 0:00,63
05.02.2017 0:00,50
06.02.2017 0:00,61
07.02.2017 0:00,79
08.02.2017 0:00,115
09.02.2017 0:00,72
10.02.2017 0:00,67
11.02.2017 0:00,67
12.02.2017 0:00,75
13.02.2017 0:00,93
14.02.2017 0:00,130
15.02.2017 0:00,167
16.02.2017 0:00,170
17.02.2017 0:00,172
18.02.2017 0:00,160
19.02.2017 0:00,120
20.02.2017 0:00,117
21.02.2017 0:00,113
22.02.2017 0:00,111
23.02.2017 0:00,106
24.02.2017 0:00,69
25.02.2017 0:00,49
26.02.2017 0:00,119
27.02.2017 0:00,147
28.02.2017 0:00,55
01.03.2017 0:00,45
02.03.2017 0:00,56
03.03.2017 0:00,55
04.03.2017 0:00,39
05.03.2017 0:00,37
06.03.2017 0:00,40
07.03.2017 0:00,40
08.03.2017 0:00,86
09.03.2017 0:00,119
10.03.2017 0:00,92
11.03.2017 0:00,76
12.03.2017 0:00,76
13.03.2017 0:00,73
14.03.2017 0:00,103
15.03.2017 0:00,119
16.03.2017 0:00,91
17.03.2017 0:00,74
18.03.2017 0:00,95
19.03.2017 0:00,92
20.03.2017 0:00,75
21.03.2017 0:00,71
22.03.2017 0:00,45
23.03.2017 0:00,58
24.03.2017 0:00,52
25.03.2017 0:00,71
26.03.2017 0:00,71
27.03.2017 0:00,56
28.03.2017 0:00,100
29.03.2017 0:00,89
30.03.2017 0:00,69
31.03.2017 0:00,72
01.10.2016 0:00,102
02.10.2016 0:00,104
03.10.2016 0:00,48
04.10.2016 0:00,20
05.10.2016 0:00,21
06.10.2016 0:00,34
07.10.2016 0:00,83
08.10.2016 0:00,72
09.10.2016 0:00,110
10.10.2016 0:00,133
11.10.2016 0:00,90
12.10.2016 0:00,51
13.10.2016 0:00,48
14.10.2016 0:00,65
15.10.2016 0:00,63
16.10.2016 0:00,98
17.10.2016 0:00,15
18.10.2016 0:00,28
19.10.2016 0:00,43
20.10.2016 0:00,45
21.10.2016 0:00,44
22.10.2016 0:00,61
23.10.2016 0:00,89
24.10.2016 0:00,57
25.10.2016 0:00,56
26.10.2016 0:00,57
27.10.2016 0:00,63
28.10.2016 0:00,114
29.10.2016 0:00,125
30.10.2016 0:00,70
31.10.2016 0:00,89
01.11.2016 0:00,106
02.11.2016 0:00,112
03.11.2016 0:00,37
04.11.2016 0:00,101
05.11.2016 0:00,91
06.11.2016 0:00,37
07.11.2016 0:00,62
08.11.2016 0:00,53
09.11.2016 0:00,69
10.11.2016 0:00,106
11.11.2016 0:00,111
12.11.2016 0:00,50
13.11.2016 0:00,63
14.11.2016 0:00,81
15.11.2016 0:00,99
16.11.2016 0:00,134
17.11.2016 0:00,164
18.11.2016 0:00,133
19.11.2016 0:00,77
20.11.2016 0:00,70
21.11.2016 0:00,56
22.11.2016 0:00,65
23.11.2016 0:00,76
24.11.2016 0:00,140
25.11.2016 0:00,173
26.11.2016 0:00,133
27.11.2016 0:00,104
28.11.2016 0:00,48
29.11.2016 0:00,68
30.11.2016 0:00,100
01.12.2016 0:00,104
02.12.2016 0:00,86
03.12.2016 0:00,82
04.12.2016 0:00,141
05.12.2016 0:00,140
06.12.2016 0:00,169
07.12.2016 0:00,129
08.12.2016 0:00,161
09.12.2016 0:00,180
10.12.2016 0:00,158
11.12.2016 0:00,180
14.12.2016 0:00,121
15.12.2016 0:00,154
16.12.2016 0:00,140
17.12.2016 0:00,127
18.12.2016 0:00,130
19.12.2016 0:00,108
20.12.2016 0:00,85
21.12.2016 0:00,111
22.12.2016 0:00,92
23.12.2016 0:00,91
24.12.2016 0:00,97
25.12.2016 0:00,130
26.12.2016 0:00,131
27.12.2016 0:00,53
28.12.2016 0:00,16
29.12.2016 0:00,54
30.12.2016 0:00,92
31.12.2016 0:00,148
01.01.2017 0:00,179
01.07.2016 0:00,60
02.07.2016 0:00,76
03.07.2016 0:00,59
04.07.2016 0:00,20
05.07.2016 0:00,33
06.07.2016 0:00,45
07.07.2016 0:00,23
08.07.2016 0:00,30
09.07.2016 0:00,34
10.07.2016 0:00,31
11.07.2016 0:00,34
12.07.2016 0:00,39
13.07.2016 0:00,51
14.07.2016 0:00,40
15.07.2016 0:00,10
16.07.2016 0:00,6
17.07.2016 0:00,31
18.07.2016 0:00,24
19.07.2016 0:00,37
20.07.2016 0:00,33
21.07.2016 0:00,31
22.07.2016 0:00,34
23.07.2016 0:00,55
24.07.2016 0:00,75
25.07.2016 0:00,45
26.07.2016 0:00,51
27.07.2016 0:00,61
28.07.2016 0:00,62
29.07.2016 0:00,60
30.07.2016 0:00,52
31.07.2016 0:00,37
01.08.2016 0:00,32
02.08.2016 0:00,37
03.08.2016 0:00,28
04.08.2016 0:00,39
05.08.2016 0:00,36
06.08.2016 0:00,36
07.08.2016 0:00,28
08.08.2016 0:00,40
09.08.2016 0:00,59
10.08.2016 0:00,61
11.08.2016 0:00,36
12.08.2016 0:00,34
13.08.2016 0:00,36
14.08.2016 0:00,42
15.08.2016 0:00,49
16.08.2016 0:00,58
17.08.2016 0:00,61
18.08.2016 0:00,62
19.08.2016 0:00,52
20.08.2016 0:00,43
21.08.2016 0:00,54
22.08.2016 0:00,26
23.08.2016 0:00,52
24.08.2016 0:00,43
25.08.2016 0:00,45
26.08.2016 0:00,64
27.08.2016 0:00,42
28.08.2016 0:00,43
29.08.2016 0:00,50
30.08.2016 0:00,62
31.08.2016 0:00,34
01.09.2016 0:00,57
02.09.2016 0:00,54
03.09.2016 0:00,82
05.09.2016 0:00,59
06.09.2016 0:00,50
07.09.2016 0:00,51
08.09.2016 0:00,55
09.09.2016 0:00,63
10.09.2016 0:00,77
11.09.2016 0:00,67
12.09.2016 0:00,58
13.09.2016 0:00,69
14.09.2016 0:00,72
15.09.2016 0:00,85
16.09.2016 0:00,80
17.09.2016 0:00,45
18.09.2016 0:00,30
19.09.2016 0:00,30
20.09.2016 0:00,59
21.09.2016 0:00,57
22.09.2016 0:00,54
23.09.2016 0:00,56
24.09.2016 0:00,69
25.09.2016 0:00,84
26.09.2016 0:00,67
27.09.2016 0:00,62
28.09.2016 0:00,75
29.09.2016 0:00,98
30.09.2016 0:00,115
01.04.2016 0:00,45
02.04.2016 0:00,38
03.04.2016 0:00,48
04.04.2016 0:00,56
05.04.2016 0:00,65
06.04.2016 0:00,87
07.04.2016 0:00,74
08.04.2016 0:00,69
09.04.2016 0:00,94
10.04.2016 0:00,72
11.04.2016 0:00,62
12.04.2016 0:00,59
13.04.2016 0:00,50
14.04.2016 0:00,57
15.04.2016 0:00,31
16.04.2016 0:00,29
17.04.2016 0:00,40
18.04.2016 0:00,38
19.04.2016 0:00,38
20.04.2016 0:00,50
21.04.2016 0:00,41
22.04.2016 0:00,43
23.04.2016 0:00,47
24.04.2016 0:00,54
25.04.2016 0:00,58
26.04.2016 0:00,56
27.04.2016 0:00,27
28.04.2016 0:00,72
29.04.2016 0:00,70
30.04.2016 0:00,84
01.05.2016 0:00,71
02.05.2016 0:00,42
03.05.2016 0:00,52
04.05.2016 0:00,64
05.05.2016 0:00,65
06.05.2016 0:00,43
07.05.2016 0:00,41
08.05.2016 0:00,38
09.05.2016 0:00,50
10.05.2016 0:00,57
11.05.2016 0:00,55
12.05.2016 0:00,60
13.05.2016 0:00,10
14.05.2016 0:00,7
15.05.2016 0:00,35
16.05.2016 0:00,35
17.05.2016 0:00,41
18.05.2016 0:00,42
19.05.2016 0:00,29
20.05.2016 0:00,70
21.05.2016 0:00,53
22.05.2016 0:00,55
23.05.2016 0:00,37
24.05.2016 0:00,20
25.05.2016 0:00,37
26.05.2016 0:00,51
27.05.2016 0:00,53
28.05.2016 0:00,41
29.05.2016 0:00,48
30.05.2016 0:00,48
31.05.2016 0:00,27
01.06.2016 0:00,23
02.06.2016 0:00,17
03.06.2016 0:00,18
04.06.2016 0:00,25
05.06.2016 0:00,37
06.06.2016 0:00,47
07.06.2016 0:00,33
08.06.2016 0:00,35
09.06.2016 0:00,33
10.06.2016 0:00,43
11.06.2016 0:00,41
12.06.2016 0:00,32
13.06.2016 0:00,18
14.06.2016 0:00,26
15.06.2016 0:00,29
16.06.2016 0:00,28
17.06.2016 0:00,34
18.06.2016 0:00,27
19.06.2016 0:00,44
20.06.2016 0:00,43
21.06.2016 0:00,58
22.06.2016 0:00,59
23.06.2016 0:00,66
24.06.2016 0:00,70
25.06.2016 0:00,61
26.06.2016 0:00,47
27.06.2016 0:00,43
28.06.2016 0:00,47
29.06.2016 0:00,38
30.06.2016 0:00,62
04.01.2016 0:00,87
05.01.2016 0:00,151
06.01.2016 0:00,183
07.01.2016 0:00,98
08.01.2016 0:00,163
09.01.2016 0:00,137
10.01.2016 0:00,103
11.01.2016 0:00,46
12.01.2016 0:00,57
13.01.2016 0:00,120
14.01.2016 0:00,104
15.01.2016 0:00,70
16.01.2016 0:00,98
17.01.2016 0:00,62
18.01.2016 0:00,60
19.01.2016 0:00,130
20.01.2016 0:00,197
21.01.2016 0:00,180
22.01.2016 0:00,148
23.01.2016 0:00,164
24.01.2016 0:00,178
25.01.2016 0:00,156
26.01.2016 0:00,167
27.01.2016 0:00,177
28.01.2016 0:00,159
29.01.2016 0:00,162
30.01.2016 0:00,147
31.01.2016 0:00,55
02.02.2016 0:00,110
03.02.2016 0:00,100
04.02.2016 0:00,56
05.02.2016 0:00,100
06.02.2016 0:00,84
07.02.2016 0:00,78
08.02.2016 0:00,74
09.02.2016 0:00,43
10.02.2016 0:00,35
11.02.2016 0:00,32
12.02.2016 0:00,39
13.02.2016 0:00,48
14.02.2016 0:00,47
15.02.2016 0:00,36
16.02.2016 0:00,76
17.02.2016 0:00,69
18.02.2016 0:00,30
19.02.2016 0:00,43
20.02.2016 0:00,106
21.02.2016 0:00,106
22.02.2016 0:00,127
23.02.2016 0:00,156
24.02.2016 0:00,80
25.02.2016 0:00,89
26.02.2016 0:00,78
27.02.2016 0:00,105
28.02.2016 0:00,53
29.02.2016 0:00,68
01.03.2016 0:00,60
02.03.2016 0:00,81
03.03.2016 0:00,84
04.03.2016 0:00,40
05.03.2016 0:00,67
07.03.2016 0:00,32
08.03.2016 0:00,67
09.03.2016 0:00,96
10.03.2016 0:00,103
11.03.2016 0:00,84
12.03.2016 0:00,84
13.03.2016 0:00,71
14.03.2016 0:00,68
15.03.2016 0:00,96
16.03.2016 0:00,69
17.03.2016 0:00,106
18.03.2016 0:00,134
19.03.2016 0:00,109
20.03.2016 0:00,123
21.03.2016 0:00,117
22.03.2016 0:00,92
23.03.2016 0:00,74
24.03.2016 0:00,63
25.03.2016 0:00,55
26.03.2016 0:00,103
27.03.2016 0:00,78
28.03.2016 0:00,85
29.03.2016 0:00,58
30.03.2016 0:00,53
31.03.2016 0:00,38
01.10.2015 0:00,77
02.10.2015 0:00,62
03.10.2015 0:00,58
04.10.2015 0:00,85
05.10.2015 0:00,56
06.10.2015 0:00,70
07.10.2015 0:00,86
08.10.2015 0:00,59
09.10.2015 0:00,81
10.10.2015 0:00,61
11.10.2015 0:00,25
12.10.2015 0:00,74
13.10.2015 0:00,60
14.10.2015 0:00,43
15.10.2015 0:00,48
16.10.2015 0:00,49
17.10.2015 0:00,48
18.10.2015 0:00,76
19.10.2015 0:00,89
20.10.2015 0:00,48
21.10.2015 0:00,82
22.10.2015 0:00,110
23.10.2015 0:00,92
10.11.2015 0:00,100
11.11.2015 0:00,101
12.11.2015 0:00,116
13.11.2015 0:00,122
14.11.2015 0:00,147
15.11.2015 0:00,117
16.11.2015 0:00,134
17.11.2015 0:00,94
18.11.2015 0:00,156
19.11.2015 0:00,148
20.11.2015 0:00,164
21.11.2015 0:00,52
22.11.2015 0:00,55
23.11.2015 0:00,99
24.11.2015 0:00,98
25.11.2015 0:00,109
26.11.2015 0:00,82
27.11.2015 0:00,78
28.11.2015 0:00,71
29.11.2015 0:00,74
30.11.2015 0:00,87
01.12.2015 0:00,110
02.12.2015 0:00,64
03.12.2015 0:00,157
04.12.2015 0:00,160
05.12.2015 0:00,93
06.12.2015 0:00,110
07.12.2015 0:00,108
08.12.2015 0:00,79
09.12.2015 0:00,97
10.12.2015 0:00,93
01.07.2015 0:00,44
02.07.2015 0:00,45
03.07.2015 0:00,40
04.07.2015 0:00,49
05.07.2015 0:00,47
06.07.2015 0:00,53
07.07.2015 0:00,63
08.07.2015 0:00,55
09.07.2015 0:00,28
10.07.2015 0:00,19
11.07.2015 0:00,31
12.07.2015 0:00,38
13.07.2015 0:00,45
14.07.2015 0:00,26
15.07.2015 0:00,33
16.07.2015 0:00,31
17.07.2015 0:00,36
18.07.2015 0:00,61
19.07.2015 0:00,67
20.07.2015 0:00,69
21.07.2015 0:00,29
22.07.2015 0:00,48
23.07.2015 0:00,37
24.07.2015 0:00,52
25.07.2015 0:00,33
26.07.2015 0:00,23
27.07.2015 0:00,38
28.07.2015 0:00,44
29.07.2015 0:00,39
30.07.2015 0:00,20
31.07.2015 0:00,35
01.08.2015 0:00,44
02.08.2015 0:00,54
03.08.2015 0:00,53
04.08.2015 0:00,45
05.08.2015 0:00,67
06.08.2015 0:00,63
07.08.2015 0:00,58
08.08.2015 0:00,49
09.08.2015 0:00,40
10.08.2015 0:00,35
11.08.2015 0:00,36
12.08.2015 0:00,56
13.08.2015 0:00,65
14.08.2015 0:00,59
15.08.2015 0:00,63
16.08.2015 0:00,62
17.08.2015 0:00,36
18.08.2015 0:00,15
19.08.2015 0:00,26
20.08.2015 0:00,43
21.08.2015 0:00,43
22.08.2015 0:00,46
23.08.2015 0:00,50
24.08.2015 0:00,48
25.08.2015 0:00,49
26.08.2015 0:00,65
27.08.2015 0:00,50
28.08.2015 0:00,52
29.08.2015 0:00,69
30.08.2015 0:00,66
31.08.2015 0:00,62
01.09.2015 0:00,75
02.09.2015 0:00,66
03.09.2015 0:00,47
04.09.2015 0:00,60
05.09.2015 0:00,52
06.09.2015 0:00,25
07.09.2015 0:00,8
08.09.2015 0:00,31
09.09.2015 0:00,37
10.09.2015 0:00,35
11.09.2015 0:00,60
12.09.2015 0:00,84
13.09.2015 0:00,80
14.09.2015 0:00,47
15.09.2015 0:00,50
16.09.2015 0:00,50
17.09.2015 0:00,56
18.09.2015 0:00,64
19.09.2015 0:00,62
20.09.2015 0:00,46
21.09.2015 0:00,38
22.09.2015 0:00,51
23.09.2015 0:00,60
24.09.2015 0:00,89
25.09.2015 0:00,73
26.09.2015 0:00,54
27.09.2015 0:00,55
28.09.2015 0:00,26
29.09.2015 0:00,36
30.09.2015 0:00,55
30.06.2015 0:00,45
31.12.2019 0:00,nan
28.07.2019 0:00,nan
31.12.2018 0:00,nan
14.05.2018 0:00,nan
13.12.2016 0:00,nan
04.09.2016 0:00,nan
03.01.2016 0:00,nan
01.02.2016 0:00,nan
06.03.2016 0:00,nan
09.11.2015 0:00,nan
29.06.2015 0:00,nan
01.07.2019 0:00,nan
02.07.2019 0:00,nan
03.07.2019 0:00,nan
04.07.2019 0:00,nan
05.07.2019 0:00,nan
06.07.2019 0:00,nan
07.07.2019 0:00,nan
08.07.2019 0:00,nan
09.07.2019 0:00,nan
10.07.2019 0:00,nan
11.07.2019 0:00,nan
12.07.2019 0:00,nan
13.07.2019 0:00,nan
14.07.2019 0:00,nan
15.07.2019 0:00,nan
16.07.2019 0:00,nan
17.07.2019 0:00,nan
18.07.2019 0:00,nan
19.07.2019 0:00,nan
20.07.2019 0:00,nan
21.07.2019 0:00,nan
22.07.2019 0:00,nan
23.07.2019 0:00,nan
24.07.2019 0:00,nan
25.07.2019 0:00,nan
26.07.2019 0:00,nan
27.07.2019 0:00,nan
04.06.2019 0:00,nan
05.06.2019 0:00,nan
06.06.2019 0:00,nan
07.06.2019 0:00,nan
08.06.2019 0:00,nan
09.06.2019 0:00,nan
10.06.2019 0:00,nan
11.06.2019 0:00,nan
12.06.2019 0:00,nan
13.06.2019 0:00,nan
14.06.2019 0:00,nan
15.06.2019 0:00,nan
16.06.2019 0:00,nan
17.06.2019 0:00,nan
18.06.2019 0:00,nan
19.06.2019 0:00,nan
20.06.2019 0:00,nan
21.06.2019 0:00,nan
22.06.2019 0:00,nan
23.06.2019 0:00,nan
24.06.2019 0:00,nan
25.06.2019 0:00,nan
26.06.2019 0:00,nan
27.06.2019 0:00,nan
28.06.2019 0:00,nan
29.06.2019 0:00,nan
30.06.2019 0:00,nan
01.04.2018 0:00,nan
02.04.2018 0:00,nan
03.04.2018 0:00,nan
04.04.2018 0:00,nan
05.04.2018 0:00,nan
06.04.2018 0:00,nan
07.04.2018 0:00,nan
08.04.2018 0:00,nan
09.04.2018 0:00,nan
10.04.2018 0:00,nan
11.04.2018 0:00,nan
12.04.2018 0:00,nan
13.04.2018 0:00,nan
14.04.2018 0:00,nan
15.04.2018 0:00,nan
16.04.2018 0:00,nan
17.04.2018 0:00,nan
18.04.2018 0:00,nan
19.04.2018 0:00,nan
20.04.2018 0:00,nan
21.04.2018 0:00,nan
22.04.2018 0:00,nan
23.04.2018 0:00,nan
24.04.2018 0:00,nan
25.04.2018 0:00,nan
26.04.2018 0:00,nan
27.04.2018 0:00,nan
28.04.2018 0:00,nan
29.04.2018 0:00,nan
30.04.2018 0:00,nan
01.05.2018 0:00,nan
02.05.2018 0:00,nan
03.05.2018 0:00,nan
04.05.2018 0:00,nan
05.05.2018 0:00,nan
06.05.2018 0:00,nan
07.05.2018 0:00,nan
08.05.2018 0:00,nan
09.05.2018 0:00,nan
10.05.2018 0:00,nan
11.05.2018 0:00,nan
12.05.2018 0:00,nan
13.05.2018 0:00,nan
01.01.2018 0:00,nan
02.01.2018 0:00,nan
03.01.2018 0:00,nan
04.01.2018 0:00,nan
05.01.2018 0:00,nan
06.01.2018 0:00,nan
07.01.2018 0:00,nan
08.01.2018 0:00,nan
09.01.2018 0:00,nan
11.01.2018 0:00,nan
12.01.2018 0:00,nan
13.01.2018 0:00,nan
14.01.2018 0:00,nan
15.01.2018 0:00,nan
16.01.2018 0:00,nan
17.01.2018 0:00,nan
18.01.2018 0:00,nan
19.01.2018 0:00,nan
20.01.2018 0:00,nan
21.01.2018 0:00,nan
22.01.2018 0:00,nan
23.01.2018 0:00,nan
24.01.2018 0:00,nan
25.01.2018 0:00,nan
26.01.2018 0:00,nan
27.01.2018 0:00,nan
28.01.2018 0:00,nan
29.01.2018 0:00,nan
30.01.2018 0:00,nan
31.01.2018 0:00,nan
01.02.2018 0:00,nan
02.02.2018 0:00,nan
03.02.2018 0:00,nan
04.02.2018 0:00,nan
05.02.2018 0:00,nan
06.02.2018 0:00,nan
07.02.2018 0:00,nan
08.02.2018 0:00,nan
09.02.2018 0:00,nan
10.02.2018 0:00,nan
11.02.2018 0:00,nan
12.02.2018 0:00,nan
13.02.2018 0:00,nan
14.02.2018 0:00,nan
15.02.2018 0:00,nan
16.02.2018 0:00,nan
17.02.2018 0:00,nan
18.02.2018 0:00,nan
19.02.2018 0:00,nan
20.02.2018 0:00,nan
21.02.2018 0:00,nan
22.02.2018 0:00,nan
23.02.2018 0:00,nan
24.02.2018 0:00,nan
25.02.2018 0:00,nan
26.02.2018 0:00,nan
27.02.2018 0:00,nan
28.02.2018 0:00,nan
01.03.2018 0:00,nan
02.03.2018 0:00,nan
03.03.2018 0:00,nan
04.03.2018 0:00,nan
05.03.2018 0:00,nan
06.03.2018 0:00,nan
07.03.2018 0:00,nan
08.03.2018 0:00,nan
09.03.2018 0:00,nan
10.03.2018 0:00,nan
11.03.2018 0:00,nan
12.03.2018 0:00,nan
13.03.2018 0:00,nan
14.03.2018 0:00,nan
15.03.2018 0:00,nan
16.03.2018 0:00,nan
17.03.2018 0:00,nan
18.03.2018 0:00,nan
19.03.2018 0:00,nan
20.03.2018 0:00,nan
21.03.2018 0:00,nan
22.03.2018 0:00,nan
23.03.2018 0:00,nan
24.03.2018 0:00,nan
25.03.2018 0:00,nan
26.03.2018 0:00,nan
27.03.2018 0:00,nan
28.03.2018 0:00,nan
29.03.2018 0:00,nan
30.03.2018 0:00,nan
31.03.2018 0:00,nan
01.10.2017 0:00,nan
02.10.2017 0:00,nan
04.10.2017 0:00,nan
05.10.2017 0:00,nan
09.10.2017 0:00,nan
10.10.2017 0:00,nan
11.10.2017 0:00,nan
12.10.2017 0:00,nan
13.10.2017 0:00,nan
17.10.2017 0:00,nan
18.10.2017 0:00,nan
21.10.2017 0:00,nan
23.10.2017 0:00,nan
24.10.2017 0:00,nan
25.10.2017 0:00,nan
26.10.2017 0:00,nan
27.10.2017 0:00,nan
30.10.2017 0:00,nan
31.10.2017 0:00,nan
05.11.2017 0:00,nan
06.11.2017 0:00,nan
07.11.2017 0:00,nan
08.11.2017 0:00,nan
09.11.2017 0:00,nan
10.11.2017 0:00,nan
11.11.2017 0:00,nan
13.11.2017 0:00,nan
14.11.2017 0:00,nan
15.11.2017 0:00,nan
16.11.2017 0:00,nan
27.11.2017 0:00,nan
30.11.2017 0:00,nan
01.12.2017 0:00,nan
02.12.2017 0:00,nan
05.12.2017 0:00,nan
06.12.2017 0:00,nan
07.12.2017 0:00,nan
08.12.2017 0:00,nan
14.12.2017 0:00,nan
15.12.2017 0:00,nan
16.12.2017 0:00,nan
17.12.2017 0:00,nan
18.12.2017 0:00,nan
22.12.2017 0:00,nan
23.12.2017 0:00,nan
24.12.2017 0:00,nan
25.12.2017 0:00,nan
26.12.2017 0:00,nan
27.12.2017 0:00,nan
28.12.2017 0:00,nan
29.12.2017 0:00,nan
30.12.2017 0:00,nan
20.07.2017 0:00,nan
21.07.2017 0:00,nan
22.07.2017 0:00,nan
23.07.2017 0:00,nan
24.07.2017 0:00,nan
25.07.2017 0:00,nan
26.07.2017 0:00,nan
27.07.2017 0:00,nan
28.07.2017 0:00,nan
29.07.2017 0:00,nan
30.07.2017 0:00,nan
01.08.2017 0:00,nan
02.08.2017 0:00,nan
03.08.2017 0:00,nan
04.08.2017 0:00,nan
05.08.2017 0:00,nan
06.08.2017 0:00,nan
07.08.2017 0:00,nan
08.08.2017 0:00,nan
09.08.2017 0:00,nan
10.08.2017 0:00,nan
11.08.2017 0:00,nan
12.08.2017 0:00,nan
13.08.2017 0:00,nan
14.08.2017 0:00,nan
15.08.2017 0:00,nan
16.08.2017 0:00,nan
17.08.2017 0:00,nan
18.08.2017 0:00,nan
19.08.2017 0:00,nan
20.08.2017 0:00,nan
21.08.2017 0:00,nan
22.08.2017 0:00,nan
23.08.2017 0:00,nan
24.08.2017 0:00,nan
25.08.2017 0:00,nan
26.08.2017 0:00,nan
27.08.2017 0:00,nan
28.08.2017 0:00,nan
29.08.2017 0:00,nan
30.08.2017 0:00,nan
31.08.2017 0:00,nan
01.09.2017 0:00,nan
02.09.2017 0:00,nan
03.09.2017 0:00,nan
04.09.2017 0:00,nan
10.09.2017 0:00,nan
11.09.2017 0:00,nan
12.09.2017 0:00,nan
13.09.2017 0:00,nan
14.09.2017 0:00,nan
15.09.2017 0:00,nan
16.09.2017 0:00,nan
17.09.2017 0:00,nan
18.09.2017 0:00,nan
19.09.2017 0:00,nan
20.09.2017 0:00,nan
21.09.2017 0:00,nan
22.09.2017 0:00,nan
23.09.2017 0:00,nan
24.09.2017 0:00,nan
25.09.2017 0:00,nan
26.09.2017 0:00,nan
27.09.2017 0:00,nan
28.09.2017 0:00,nan
29.09.2017 0:00,nan
30.09.2017 0:00,nan
24.04.2015 0:00,nan
25.04.2015 0:00,nan
26.04.2015 0:00,nan
27.04.2015 0:00,nan
28.04.2015 0:00,nan
29.04.2015 0:00,nan
30.04.2015 0:00,nan
01.05.2015 0:00,nan
02.05.2015 0:00,nan
03.05.2015 0:00,nan
04.05.2015 0:00,nan
05.05.2015 0:00,nan
06.05.2015 0:00,nan
07.05.2015 0:00,nan
08.05.2015 0:00,nan
09.05.2015 0:00,nan
10.05.2015 0:00,nan
11.05.2015 0:00,nan
12.05.2015 0:00,nan
13.05.2015 0:00,nan
14.05.2015 0:00,nan
15.05.2015 0:00,nan
16.05.2015 0:00,nan
17.05.2015 0:00,nan
18.05.2015 0:00,nan
19.05.2015 0:00,nan
20.05.2015 0:00,nan
21.05.2015 0:00,nan
22.05.2015 0:00,nan
23.05.2015 0:00,nan
24.05.2015 0:00,nan
25.05.2015 0:00,nan
26.05.2015 0:00,nan
28.05.2015 0:00,nan
29.05.2015 0:00,nan
30.05.2015 0:00,nan
31.05.2015 0:00,nan
01.06.2015 0:00,nan
02.06.2015 0:00,nan
03.06.2015 0:00,nan
04.06.2015 0:00,nan
05.06.2015 0:00,nan
07.06.2015 0:00,nan
06.06.2015 0:00,nan
08.06.2015 0:00,nan
09.06.2015 0:00,nan
10.06.2015 0:00,nan
11.06.2015 0:00,nan
12.06.2015 0:00,nan
13.06.2015 0:00,nan
15.06.2015 0:00,nan
16.06.2015 0:00,nan
17.06.2015 0:00,nan
18.06.2015 0:00,nan
19.06.2015 0:00,nan
20.06.2015 0:00,nan
21.06.2015 0:00,nan
22.06.2015 0:00,nan
23.06.2015 0:00,nan
24.06.2015 0:00,nan
25.06.2015 0:00,nan
26.06.2015 0:00,nan
27.06.2015 0:00,nan
28.06.2015 0:00,nan
31.12.2017 0:00,nan
10.01.2018 0:00,nan
03.10.2017 0:00,nan
08.10.2017 0:00,nan
16.10.2017 0:00,nan
20.10.2017 0:00,nan
22.10.2017 0:00,nan
28.10.2017 0:00,nan
29.10.2017 0:00,nan
04.11.2017 0:00,nan
12.11.2017 0:00,nan
26.11.2017 0:00,nan
29.11.2017 0:00,nan
04.12.2017 0:00,nan
13.12.2017 0:00,nan
21.12.2017 0:00,nan
