Pritisak07,Pritisak14,Pritisak21,PritisakSR,MaxTemp,MinTemp,Temp07,Temp14,Temp21,TempSR,Vlaz07,Vlaz14,Vlaz21,VlazSR,VetarBrzina07,VetarBrzina14,VetarBrzina21,VetarBrzinaSR,Oblacnost07,Oblacnost14,Oblacnost21,OblacnostSR,prethodni_dan,Value
1004.3,1002.2,1001.8,1002.8,8.2,-4.2,-3.9,7.5,3.8,2.8,74,32,45,50,0.8,0.8,0.8,0.8,0,1,10,3.7,179,146
1005.5,1007.5,1007.8,1006.9,5.9,-1,-0.6,0.9,-1,-0.4,93,84,92,90,2.4,2.4,0.8,1.9,10,10,0,6.7,146,45
1000.1,993.9,993.6,995.9,2.4,-4.7,-3.6,0.8,0.2,-0.6,90,77,88,85,2.4,0.8,2.4,1.9,0,6,10,5.3,45,57
993.6,995.3,998.4,995.8,1.3,-1.2,0.2,0.7,-1.2,-0.4,91,79,74,81,2.4,2.4,4.4,3,9,10,6,8.3,57,57
1005.2,1008,1011.1,1008.1,-1.2,-9.3,-6.9,-7.1,-9.3,-8.2,63,53,56,57,4.4,6.7,4.4,5.1,9,10,0,6.3,57,58
1012,1012.2,1012.3,1012.2,-8.9,-12.2,-12,-9.8,-12.1,-11.5,51,46,63,53,4.4,4.4,2.4,3.7,0,4,0,1.3,58,6
989.1,992.9,995.8,992.6,7.1,-0.2,0.8,2.2,-0.2,0.7,91,81,82,85,4.4,2.4,0.8,2.5,10,10,4,8,82,71
1000.8,1003.3,1004.9,1003,4.5,-2.3,-2.2,3.6,-1.2,-0.3,86,60,85,77,0.8,0.8,0.8,0.8,0,4,0,1.3,71,139
1002.2,1000.7,1001.3,1001.4,1.6,-4.1,-2.8,1.3,0.7,0,89,59,85,78,0.8,2.4,4.4,2.5,4,8,7,6.3,139,134
1003.4,1006.4,1010,1006.6,1.3,-0.1,1,0.1,-0.1,0.2,75,84,89,83,2.4,4.4,2.4,3,7,10,10,9,134,53
1012.5,1013.7,1016.1,1014.1,0.8,-1.6,-0.3,-0.6,-0.3,-0.4,75,93,56,75,2.4,4.4,6.7,4.5,10,10,10,10,53,56
1017.3,1019,1021,1019.1,-0.3,-2.1,-2,-0.9,-1.6,-1.5,64,51,65,60,6.7,4.4,6.7,5.9,10,10,8,9.3,56,73
1021.4,1020.6,1020.5,1020.8,-0.2,-6.5,-5.7,-0.6,-4.8,-4,83,54,85,74,0.8,2.4,0.8,1.4,0,0,0,0,73,170
1019.3,1018.2,1018.6,1018.7,-2,-10.4,-10.2,-2.5,-4.4,-5.4,88,69,83,80,0,2.4,2.4,1.6,0,0,6,2,170,209
1019.2,1018,1016.8,1018,-2,-6.7,-6,-3.2,-4.3,-4.5,90,83,85,86,2.4,2.4,2.4,2.4,8,8,0,5.3,209,188
1014.7,1011.3,1010,1012,-3.9,-9.3,-8.9,-4.2,-6.9,-6.7,92,83,91,89,0.8,0.8,0.8,0.8,10,4,10,8,188,187
1007.8,1008.3,1010.7,1008.9,-5.3,-7.3,-7.1,-5.6,-5.4,-5.9,91,92,90,91,0.8,2.4,2.4,1.9,10,10,10,10,187,164
1012.8,1013.2,1014.6,1013.5,-2.9,-5.4,-4.8,-3.1,-3.2,-3.6,93,91,93,92,2.4,0.8,0.8,1.4,10,10,10,10,164,152
1015.6,1016.7,1018.9,1017.1,-1.4,-3.8,-3.7,-1.6,-2.4,-2.5,92,80,82,85,2.4,0.8,0.8,1.4,10,10,10,10,152,150
1017.4,1014.9,1013.8,1015.4,1,-5.6,-4.9,0.6,-4.7,-3.4,84,62,91,79,2.4,2.4,2.4,2.4,0,0,8,2.7,150,142
1012.7,1011.3,1011.4,1011.8,-2.5,-6.7,-6.5,-3.4,-5.3,-5.1,94,81,91,89,0.8,0.8,2.4,1.4,10,8,5,7.7,142,150
1012.3,1012.1,1013.2,1012.5,-4.8,-7.9,-7.7,-5.3,-6,-6.3,93,84,92,90,0,2.4,0.8,1.1,10,10,10,10,150,165
1012.4,1009.6,1009.2,1010.4,3,-7.1,-6.4,3,-2.2,-2,89,54,81,75,0,4.4,6.7,3.7,0,0,0,0,165,119
1008,1007.5,1007.3,1007.6,5.8,-2.6,-1.9,5.6,1.2,1.5,81,55,73,70,6.7,6.7,4.4,5.9,0,5,5,3.3,119,98
1008,1007.9,1008.3,1008.1,7.4,0.8,1.9,6.9,7,5.7,80,62,64,69,0.8,2.4,2.4,1.9,7,9,9,8.3,98,172
1007.5,1005.8,1004.6,1006,12,6.3,7.8,11.6,10,9.9,70,58,60,63,2.4,2.4,2.4,2.4,5,10,6,7,172,133
1001.2,998.8,998.6,999.5,16.7,8.4,10,16.1,12.4,12.7,62,40,62,55,2.4,2.4,2.4,2.4,9,8,10,9,133,56
995.8,994.2,992.8,994.3,14.8,9.1,9.6,11.6,10.2,10.4,69,79,72,73,2.4,2.4,2.4,2.4,10,9,4,7.7,56,43
991.8,994.6,992.8,993.1,12.8,8.2,10.2,11.6,8.2,9.5,66,57,68,64,4.4,2.4,4.4,3.7,6,4,4,4.7,43,56
989.2,988.5,992.1,989.9,14.4,7.2,8.9,12.1,8.4,9.5,71,60,79,70,4.4,4.4,4.4,4.4,9,10,10,9.7,56,46
995.3,998.2,1001.5,998.3,8.4,1.7,5.3,2.6,1.7,2.8,94,90,93,92,2.4,4.4,2.4,3,10,10,10,10,46,19
1020.8,1021.5,1021.7,1021.3,0.4,-5.7,-5.7,-0.4,-2.5,-2.8,81,73,90,81,0,2.4,0.8,1.1,0,6,3,3,93,130
1021.4,1020.1,1019.9,1020.5,8.9,-4.5,-4.2,7.3,2.2,1.9,90,48,68,69,0.8,2.4,0.8,1.4,0,0,0,0,130,167
1019.5,1016.9,1014.2,1016.9,9.5,-3.6,-3.4,8.3,3.4,2.9,95,42,75,71,0.8,2.4,0.8,1.4,0,0,0,0,167,170
1010.2,1007,1006.9,1008,5.6,-3.6,-3.6,2.6,1.2,0.4,97,62,83,81,0.8,0.8,0,0.6,10,5,0,5,170,172
1007.5,1007.5,1009.3,1008.1,3.2,-1.4,-0.6,2.8,1.6,1.4,94,86,92,91,0.8,2.4,2.4,1.9,10,10,10,10,172,160
1009.7,1009.2,1008.6,1009.2,1.6,-0.4,-0.2,0.9,0.6,0.5,93,90,89,91,2.4,0.8,0.8,1.4,10,10,10,10,160,120
1008.8,1008,1006.6,1007.8,4.4,-0.6,-0.6,3,4,2.6,93,78,86,86,0.8,0.8,0.8,0.8,10,5,10,8.3,120,117
1002,998.5,999.3,999.9,12.4,2,2,11.9,9.4,8.2,77,37,60,58,2.4,2.4,0.8,1.9,0,9,9,6,117,113
1001.9,999.1,997.1,999.4,18,6.8,6.8,17,11,11.5,68,35,60,54,2.4,2.4,0.8,1.9,2,3,0,1.7,113,111
997.7,996.1,994,995.9,19.6,6.4,6.4,18.8,13.2,12.9,71,33,48,51,0.8,4.4,2.4,2.5,4,3,0,2.3,111,106
993.4,992.7,996.5,994.2,18.3,5.6,9.8,17.4,5.6,9.6,55,39,92,62,2.4,2.4,4.4,3,6,10,10,8.7,106,69
1005.6,1008,1010.2,1007.9,9.4,2.9,2.9,9.1,4.3,5.2,92,54,64,70,4.4,4.4,0.8,3.2,10,5,0,5,69,49
1007.5,1003.6,1003.2,1004.8,14.4,1.5,1.9,13.3,10.2,8.9,69,50,68,62,2.4,0.8,0.8,1.4,0,3,6,3,49,119
1002.6,999.2,997.6,999.8,19.3,6.3,7.7,18.8,14,13.6,84,45,57,62,0.8,2.4,2.4,1.9,8,5,3,5.3,119,147
995.8,991.8,991.2,992.9,23,12.1,12.1,22.3,16.2,16.7,57,30,41,43,0.8,4.4,6.7,4,1,1,4,2,147,55
987.2,990.7,998,992,16.3,5.7,12.9,6.6,6.2,8,55,87,86,76,4.4,2.4,4.4,3.7,10,10,8,9.3,55,136
1000.1,998.7,1001.2,1000,16.7,3,4.6,15.8,11,10.6,73,24,56,51,2.4,0.8,0.8,1.4,0,8,7,5,136,93
1006.3,1005.4,1003.8,1005.2,16.3,7.1,7.3,14.8,10.5,10.8,80,29,43,51,2.4,2.4,2.4,2.4,9,1,0,3.3,93,55
999,996.5,995.9,997.1,22.5,8.7,8.7,21.9,17.4,16.4,57,25,31,38,4.4,4.4,4.4,4.4,1,1,3,1.7,55,29
997.4,994,993.6,995,17.4,10.3,13.7,16.8,10.3,12.8,46,41,81,56,4.4,4.4,2.4,3.7,7,10,10,9,29,57
993.1,991.1,990.7,991.6,14.8,7.2,8.9,13.6,7.2,9.2,73,49,88,70,2.4,2.4,2.4,2.4,9,7,0,5.3,57,36
987.5,987.8,991.5,988.9,12.9,6.5,7.8,12.6,10.4,10.3,82,63,77,74,2.4,2.4,2.4,2.4,10,9,9,9.3,36,18
1010.3,1010,1010.8,1010.4,12.3,4.5,4.6,10.9,8.9,8.3,85,53,58,65,2.4,2.4,0.8,1.9,7,8,7,7.3,73,103
1011.6,1010.4,1007.9,1010,14.4,3.4,3.8,13.2,10.9,9.7,82,37,55,58,0.8,4.4,0.8,2,0,5,9,4.7,103,119
1008.6,1005.9,1003,1005.8,14.7,5.4,5.8,13.6,10.5,10.1,89,45,55,63,0.8,4.4,2.4,2.5,0,6,0,2,119,91
1004,1002.6,998.2,1001.6,15.1,4.7,4.8,14,10.6,10,63,29,43,45,0.8,2.4,2.4,1.9,4,1,0,1.7,91,74
994.6,989.9,992.2,992.2,19.8,7,8.2,19.2,13.4,13.6,61,32,59,51,0.8,2.4,2.4,1.9,6,10,10,8.7,74,95
993.9,997.1,996.8,995.9,13.4,9.3,10.3,10.2,9.3,9.8,92,87,88,89,2.4,2.4,0.8,1.9,10,10,8,9.3,95,92
996.6,996.6,996.9,996.7,20.3,7.9,10,20,14.4,14.7,69,47,65,60,0.8,2.4,2.4,1.9,3,5,0,2.7,92,75
996.2,994.6,994.5,995.1,25.4,12.3,12.7,24.2,18.6,18.5,70,38,49,52,2.4,2.4,2.4,2.4,2,3,0,1.7,75,71
996,995.6,997.3,996.3,26,14.5,16.2,25.2,19,19.9,51,30,47,43,2.4,2.4,4.4,3,0,0,4,1.3,71,45
1001.2,1001.6,1002.4,1001.7,24.2,14.4,14.8,23.1,18.1,18.5,62,40,38,47,0.8,2.4,4.4,2.5,5,7,2,4.7,45,58
1005.7,1005.6,1006.6,1006,24.5,13.2,14.1,23.9,17.6,18.3,60,30,44,45,2.4,2.4,2.4,2.4,1,5,4,3.3,58,52
1009.6,1007.4,1003.9,1007,17.6,7.1,7.3,16,12.4,12,79,43,54,59,0.8,2.4,0.8,1.4,2,5,0,2.3,52,71
1000.6,1004,1006.6,1003.7,12.5,6.4,7.2,8.6,7.4,7.7,77,49,47,58,2.4,2.4,2.4,2.4,9,7,4,6.7,71,71
1009.6,1008.5,1008.8,1009,14.1,1.3,2.6,12.8,10.2,9,75,40,44,53,0.8,2.4,0.8,1.4,1,3,0,1.3,71,56
1009.6,1007.7,1007.2,1008.2,17.9,3.2,5.2,16.8,11.4,11.2,65,33,52,50,0.8,2.4,0.8,1.4,0,0,0,0,56,100
1008.4,1007.1,1005.4,1007,21.9,6.8,9.2,20.8,15.5,15.3,60,31,40,44,0.8,2.4,0.8,1.4,0,0,0,0,100,89
1007.5,1007.8,1010,1008.4,21.5,9.7,10.6,20.4,14.9,15.2,64,40,51,52,2.4,2.4,2.4,2.4,0,6,1,2.3,89,69
1010.6,1008.1,1005.9,1008.2,20.2,8.3,11.4,19,14.8,15,63,43,55,54,4.4,2.4,4.4,3.7,0,4,0,1.3,69,72
1003.1,1000.8,1000.3,1001.4,24.9,10.4,11.4,24.1,16.8,17.3,66,30,39,45,4.4,2.4,6.7,4.5,0,0,0,0,72,176
1002.6,1001.5,1001.7,1001.9,24.5,12.8,15,24.2,17.7,18.7,40,27,29,32,4.4,2.4,4.4,3.7,0,0,0,0,176,63
1001.7,1000.2,999.5,1000.5,24.5,13.6,14.8,24,18.2,18.8,37,21,33,30,6.7,4.4,2.4,4.5,0,5,8,4.3,63,39
1000,1000.7,1001.2,1000.6,18.2,11.8,12.9,13.8,11.8,12.6,58,67,72,66,2.4,4.4,4.4,3.7,8,9,7,8,39,47
1000.1,999.3,999,999.5,16.4,9.6,10.3,15.4,11.1,12,94,57,89,80,0.8,2.4,2.4,1.9,7,7,9,7.7,47,63
996.7,998.3,1002.4,999.1,15,8.9,10,13.4,9.4,10.6,90,45,50,62,2.4,6.7,2.4,3.8,10,9,4,7.7,63,38
1002.1,1000.2,1001.3,1001.2,11.6,5.4,6.6,10.6,7.2,7.9,66,55,89,70,2.4,4.4,4.4,3.7,6,7,10,7.7,38,26
1000.4,1000,999.8,1000.1,19.5,11.4,11.8,18.3,13,14,53,36,55,48,0.8,0.8,2.4,1.4,10,4,0,4.7,55,30
999.6,997.2,997.8,998.2,21,9.2,13.6,20,14.8,15.8,50,41,54,48,2.4,4.4,2.4,3,5,5,10,6.7,30,47
997.2,997.9,998.2,997.8,15.2,10.6,12.4,11.6,10.6,11.3,90,86,85,87,0.8,0.8,0.8,0.8,9,10,7,8.7,47,56
999.9,999,998.5,999.1,13.5,5.3,6.2,12.4,8.4,8.8,68,42,58,56,0.8,2.4,0.8,1.4,6,10,0,5.3,56,37
997.3,995.3,995.1,995.9,17.4,5.4,9.6,16.4,9.9,11.5,52,28,70,50,0.8,0.8,2.4,1.4,0,6,10,5.3,37,48
993.7,997.8,999.3,996.9,9.9,2,2,4.8,3.4,3.4,97,86,80,88,4.4,2.4,2.4,3,10,10,5,8.3,48,44
997.9,1001.3,1004.6,1001.3,6.5,1.9,2,4.1,3.8,3.4,92,90,94,92,0.8,2.4,2.4,1.9,10,10,10,10,44,39
1009.6,1010.3,1010.3,1010.1,7.5,1.8,3.2,7.1,4.3,4.7,74,61,72,69,2.4,2.4,0.8,1.9,10,10,6,8.7,39,74
1007.4,1003.4,1000.8,1003.9,13.9,2,4.9,11.8,10.6,9.5,60,46,55,54,2.4,2.4,0.8,1.9,6,10,10,8.7,74,85
1002.9,1004,1006.4,1004.4,11,4.9,6.1,10,7.3,7.7,90,66,72,76,2.4,4.4,2.4,3,10,8,0,6,85,55
1007.9,1005.8,1003.1,1005.6,17,3.2,7,16,12,11.8,65,33,48,49,0.8,0.8,2.4,1.4,4,3,0,2.3,55,48
1001.6,998.8,998.2,999.5,24.2,9.3,13.6,23.4,15.8,17.2,51,34,49,45,2.4,2.4,2.4,2.4,4,5,0,3,48,30
999.4,996.4,996.8,997.5,25,11,15.4,23.9,17.4,18.5,46,23,52,40,2.4,2.4,2.4,2.4,3,4,1,2.7,30,26
996.4,995.9,995.2,995.8,28.1,15.4,18.9,27.6,20.7,22,43,30,51,41,2.4,0.8,0.8,1.4,5,1,6,4,26,45
993.9,992,993.6,993.2,24.7,19.5,19.8,24.2,20.5,21.3,41,35,45,40,4.4,4.4,0.8,3.2,10,9,10,9.7,45,44
1000.1,1001.3,1003.1,1001.5,20.6,7.2,9.2,9.3,7.2,8.2,85,81,91,86,2.4,2.4,2.4,2.4,10,10,10,10,44,43
1003.4,1001.5,1000.4,1001.8,16.5,4.2,7.6,15.4,13.9,12.7,74,49,58,60,0.8,0.8,2.4,1.4,0,5,7,4,43,56
999.5,997.2,997.3,998,22.8,10.9,12.8,21.7,14.7,16,68,52,76,65,0.8,4.4,4.4,3.2,4,3,3,3.3,56,117
999.5,999.9,1000.4,999.9,24.9,14.6,17.5,24.1,20.3,20.6,66,44,56,55,2.4,0.8,2.4,1.9,8,9,0,5.7,117,50
1000.3,999,1000.5,999.9,25.3,14.6,18,24,18.3,19.7,64,49,68,60,2.4,2.4,0.8,1.9,7,9,9,8.3,50,37
1001.3,1000.1,999,1000.1,22.3,14.3,14.4,21,17.5,17.6,89,52,86,76,0.8,0.8,2.4,1.4,9,4,3,5.3,37,63
998,998.6,998.8,998.5,21.6,11.6,16.4,14.6,11.6,13.6,86,81,91,86,0.8,0.8,0.8,0.8,4,10,7,7,63,72
999,999.1,995.2,997.8,17.6,11.5,13,17.1,14.9,15,95,73,85,84,2.4,0.8,2.4,1.9,10,8,9,9,72,50
991,990.8,992,991.3,16.3,13,13.2,15.8,13.9,14.2,94,84,93,90,0.8,0.8,0.8,0.8,10,9,9,9.3,50,28
1001.8,1003.1,1005.2,1003.4,24,14.6,17.6,19.2,16.4,17.4,75,78,92,82,2.4,0.8,0.8,1.4,1,9,0,3.3,31,33
1007.6,1008.3,1009,1008.3,25,12.5,16.2,23.6,18.2,19.1,88,51,69,69,0.8,2.4,0.8,1.4,3,6,0,3,33,39
1010,1008,1007.5,1008.5,25.5,13.8,14.7,24.6,20.4,20,93,39,56,63,2.4,2.4,0.8,1.9,10,6,5,7,39,44
1007,1005.2,1005.6,1005.9,24,15.1,16.4,23.2,17.2,18.5,75,48,64,62,0.8,0.8,2.4,1.4,1,5,3,3,44,53
1005.7,1003.2,1001.6,1003.5,24.9,13.3,17.6,24.2,18,19.5,63,36,56,52,2.4,4.4,0.8,2.5,1,2,0,1,53,30
999.8,997.9,997.6,998.4,27.9,13.6,17,27.2,21.1,21.6,53,19,40,37,2.4,2.4,2.4,2.4,3,3,0,2,30,20
997.3,996.1,997,996.8,27.3,14.9,18.7,24.8,17.4,19.6,55,45,71,57,0.8,2.4,4.4,2.5,4,6,8,6,20,40
997.8,998.9,999.3,998.7,25.3,12.9,13.2,23.8,21.4,20,96,53,56,68,0.8,2.4,2.4,1.9,10,4,4,6,40,37
1001.1,1000.4,1000.1,1000.5,24.6,15.3,16.6,23.6,19.9,20,76,52,67,65,2.4,2.4,0.8,1.9,9,5,8,7.3,37,49
1001.3,1000.9,1001.6,1001.3,24.4,15.8,18,20.2,16.4,17.8,80,76,83,80,0.8,2.4,2.4,1.9,9,9,9,9,49,58
1001.6,998.9,999.2,999.9,23,15.2,16.2,22.2,16,17.6,88,59,94,80,0.8,2.4,0.8,1.4,7,5,9,7,58,59
1000.9,1000.7,1000.3,1000.6,19.5,13,13.9,18.1,15.9,16,69,53,70,64,2.4,2.4,0.8,1.9,8,9,7,8,59,36
1000.6,999.7,1000,1000.1,23.7,13.2,13.8,21.6,19.4,18.6,86,48,53,62,0.8,2.4,0.8,1.4,9,6,6,7,36,39
1001.6,1001.8,1004.2,1002.5,24.1,14,16,20.7,18.5,18.4,70,50,64,61,2.4,6.7,0.8,3.3,5,9,4,6,39,31
1006.2,1006.2,1006.8,1006.4,25.4,13,14.7,23.2,19.1,19,75,47,60,61,0.8,2.4,0.8,1.4,0,5,0,1.7,31,38
1005,1002.1,1000.6,1002.6,26.8,15.1,19.4,26.2,20.8,21.8,55,39,52,49,2.4,2.4,0.8,1.9,0,4,0,1.3,38,15
1000.3,999.8,999.9,1000,28.5,15.5,20.9,28,21.8,23.1,66,35,55,52,0.8,2.4,0.8,1.4,1,3,0,1.3,15,34
1001.6,1001.6,1001.4,1001.5,30.4,17.5,20.5,29.6,24.8,24.9,63,35,60,53,0.8,2.4,0.8,1.4,4,1,1,2,34,48
1002.8,1001.9,1003,1002.6,29.4,20.3,21.4,28.8,23,24.1,78,47,75,67,0.8,0.8,0,0.6,9,6,4,6.3,48,53
1003,1000.7,1000.5,1001.4,29.5,19,21.6,28.8,22.2,23.7,80,37,67,61,0.8,2.4,0.8,1.4,5,5,4,4.7,53,61
1000.3,999.1,998.7,999.4,29.8,19.2,20.1,28.2,23,23.6,72,36,44,51,0.8,2.4,2.4,1.9,6,7,4,5.7,61,40
998.7,996.6,997,997.4,30,19.5,22.6,29,24.4,25.1,64,45,57,55,2.4,4.4,2.4,3,0,3,0,1,40,57
998.9,998.2,997.2,998.1,27,20,21,26.1,22.7,23.1,75,63,71,70,2.4,0.8,0.8,1.4,6,6,6,6,57,56
995.7,993.4,993.4,994.2,31.2,20,23,30.3,25.8,26.2,71,44,60,58,2.4,2.4,2.4,2.4,1,4,6,3.7,56,54
997,998.8,1001,998.9,25.8,17.4,23.3,22,17.4,20,68,71,90,76,0.8,0.8,2.4,1.4,8,10,10,9.3,54,27
999.3,1000,1000.6,1000,25.6,19.9,22.3,23.7,21.2,22.1,71,64,71,69,0.8,2.4,0.8,1.4,8,8,0,5.3,41,51
1002.2,1001.6,1000.9,1001.6,28,15.6,19,27.4,23,23.1,74,32,40,49,2.4,2.4,0.8,1.9,1,2,0,1,51,38
1000.9,998.9,999,999.6,29.5,16.1,20.9,28.6,22.6,23.7,56,31,60,49,0.8,2.4,2.4,1.9,1,2,10,4.3,38,36
1000,999.3,1000.8,1000,23.5,17.3,19.2,22.9,17.7,19.4,80,33,54,56,0.8,4.4,2.4,2.5,9,8,8,8.3,36,27
1001.8,1001.7,1002.4,1002,19,14.3,14.3,16.2,16.7,16,73,91,92,85,0.8,2.4,2.4,1.9,9,10,10,9.7,27,22
1005.5,1004.3,1004,1004.6,28.5,15.4,17,27.6,22.6,22.5,90,34,53,59,0.8,2.4,0.8,1.4,6,4,0,3.3,22,41
1004.2,1001.7,1000.2,1002,31,17.2,20.4,30.7,24.2,24.9,68,31,55,51,0.8,0.8,0.8,0.8,1,4,0,1.7,41,47
999.4,997.7,999.6,998.9,33,19.8,23.7,32.4,21.3,24.7,60,25,91,59,0,0.8,0.8,0.6,0,1,10,3.7,47,55
1000.9,1000,999.2,1000,33.4,19,22.6,32.8,27.1,27.4,72,36,52,53,2.4,2.4,0.8,1.9,0,2,0,0.7,55,44
998.6,997.2,998,997.9,35,23.7,27.4,34.1,24.4,27.6,53,34,64,50,0.8,2.4,2.4,1.9,6,6,8,6.7,44,50
1000.6,999.9,999.5,1000,32.7,20.9,22.8,32.3,26.6,27.1,71,30,47,49,2.4,2.4,0.8,1.9,3,3,0,2,50,35
998.7,996.3,995.1,996.7,36,22,27.6,35.6,28.8,30.2,50,29,40,40,2.4,2.4,2.4,2.4,0,0,8,2.7,35,37
998.7,998,998.2,998.3,28.8,20.4,21.2,26.8,24.5,24.3,84,56,57,66,0.8,2.4,0.8,1.4,9,6,0,5,37,26
998,995.8,994.1,996,32.6,19,25,31.8,27.1,27.8,61,37,49,49,0.8,2.4,0.8,1.4,0,3,8,3.7,26,32
992.6,990.5,989,990.7,35.1,22.7,26,35.1,30,30.3,56,32,44,44,2.4,2.4,2.4,2.4,0,7,5,4,32,29
988,988.1,992,989.4,35.7,26.4,28.4,35.4,27.1,29.5,43,21,47,37,2.4,4.4,0.8,2.5,1,4,3,2.7,29,33
995.8,995.3,995.3,995.5,35.3,21.7,27.2,35,26.7,28.9,41,23,51,38,0.8,2.4,2.4,1.9,0,2,5,2.3,33,22
997.5,996.4,997.2,997,29.6,20.6,22.5,28.6,23.4,24.5,62,40,52,51,2.4,2.4,0.8,1.9,2,5,7,4.7,22,84
997.8,995.3,997.1,996.7,29,17.6,22.2,27.6,17.6,21.3,65,37,93,65,0.8,2.4,2.4,1.9,0,6,10,5.3,84,79
997.7,999.3,1001.9,999.6,25.7,16.8,19,24.5,21.2,21.5,70,43,53,55,2.4,2.4,2.4,2.4,5,9,5,6.3,79,40
1005.2,1004.6,1004.9,1004.9,27.6,14.5,17.7,26.6,22,22.1,69,34,45,49,0.8,2.4,0,1.1,0,2,0,0.7,40,36
1005.6,1003.5,1003.1,1004.1,30.2,16.6,22,29.7,24.1,25,50,32,47,43,0.8,2.4,0.8,1.4,0,1,0,0.3,36,67
1002.5,1001.6,1002.4,1002.2,33.7,19,23.8,33,27.9,28.2,49,33,40,41,0.8,2.4,0.8,1.4,0,3,0,1,67,36
1002.7,1000,998.1,1000.3,35.6,20.8,26.4,34.4,28.2,29.3,51,26,40,39,0.8,2.4,0,1.1,1,1,6,2.7,36,21
1000.6,998,997.4,998.7,27.5,15,16.8,26.2,22.6,22.1,63,36,39,46,0.8,2.4,0.8,1.4,0,3,8,3.7,20,14
999.1,998.6,1001.4,999.7,27.2,17.6,19,26.7,20,21.4,65,36,54,52,0.8,2.4,0.8,1.4,8,5,9,7.3,14,33
1003.6,1002.6,1003.3,1003.2,25.6,14.9,16.5,25.2,20.8,20.8,72,35,46,51,2.4,2.4,0.8,1.9,0,5,5,3.3,33,27
1002.6,999.7,998.7,1000.3,34.6,18.6,24.6,34,26.8,28.1,44,27,36,36,0.8,0.8,0.8,0.8,0,4,0,1.3,46,51
1003.5,1001.6,1001.3,1002.1,39.1,23.4,27,38.1,30.8,31.7,40,21,34,32,4.4,2.4,2.4,3,0,1,0,0.3,124,115
1001.8,999.4,998.4,999.9,37.5,24.3,26.1,37.3,29.7,30.7,42,26,41,36,0,2.4,0.8,1.1,5,0,0,1.7,115,86
999,996.2,995.8,997,39,23.4,27.4,38.4,30.7,31.8,59,25,41,42,0.8,4.4,0.8,2,0,0,0,0,86,50
997,996,996.1,996.4,39.8,25.1,27.8,39.1,31.6,32.5,50,25,42,39,0.8,2.4,0.8,1.4,1,1,0,0.7,50,48
997.5,995.1,997.6,996.7,39.6,24,27.5,38.6,24,28.5,66,33,86,62,0.8,2.4,2.4,1.9,0,1,10,3.7,48,8
1001.4,1003.1,1003.4,1002.6,24.5,20.2,20.9,20.9,21.7,21.3,85,93,88,89,0.8,0.8,0.8,0.8,10,10,7,9,8,25
997.2,993.9,992.1,994.4,31.8,19,21.8,31.1,19,22.7,72,41,89,67,0.8,2.4,0.8,1.4,6,0,9,5,129,72
992.4,991.7,995.7,993.3,19.1,14.8,15.4,16.6,14.8,15.4,94,87,90,90,0.8,2.4,2.4,1.9,10,9,9,9.3,72,119
999.4,1001.6,1003.6,1001.5,22.8,14.1,14.6,22,16.8,17.6,71,37,56,55,2.4,2.4,0,1.6,8,5,5,6,119,53
1004.7,1003.8,1003,1003.8,23.9,11.7,15,22.3,18,18.3,64,36,51,50,0.8,0.8,0,0.6,0,6,6,4,53,57
1001.8,999.8,998.8,1000.1,27.7,14.3,15.6,27.3,21.8,21.6,64,32,51,49,2.4,2.4,0.8,1.9,1,3,6,3.3,57,15
999,998.5,1001,999.5,27,17.6,19,26.4,18.4,20.6,70,46,53,56,0,2.4,0.8,1.1,9,5,7,7,15,45
1009.6,1008.6,1007.8,1008.7,21.2,9.6,10.3,20.8,13.9,14.7,71,37,54,54,2.4,2.4,2.4,2.4,0,0,0,0,126,67
1005,1002.4,1005.1,1004.2,25.7,10.3,11.5,25.2,18,18.2,66,35,61,54,2.4,2.4,0.8,1.9,0,0,10,3.3,67,92
1011,1009.7,1006.9,1009.2,21.4,13.4,13.9,20.8,13.9,15.6,78,41,70,63,0.8,2.4,0.8,1.4,7,3,1,3.7,92,64
1003.8,998.3,993.8,998.6,25.3,11,13.4,23.7,18.2,18.4,74,40,58,57,0.8,2.4,2.4,1.9,8,9,3,6.7,64,37
995.7,999.2,1000,998.3,18.6,9.1,14.1,10.3,9.1,10.7,72,87,90,83,2.4,2.4,2.4,2.4,9,10,10,9.7,37,35
1000,999.7,1000.7,1000.1,14.5,8.7,8.8,13.9,9.7,10.5,84,64,79,76,0.8,2.4,0.8,1.4,10,8,0,6,35,42
1005.2,1001.5,999.5,1002.1,18.4,6.8,7.4,16.6,10.5,11.3,77,48,64,63,0,0.8,0,0.3,8,6,3,5.7,161,67
999.4,1001.1,1003.7,1001.4,12.8,8.4,12,11.3,9.9,10.8,63,86,92,80,0.8,2.4,0.8,1.4,8,9,6,7.7,67,76
1006.2,1005.7,1005.8,1005.9,11.6,6,6.5,10.1,8.5,8.4,97,81,85,88,0.8,2.4,2.4,1.9,10,1,0,3.7,76,62
1003.2,999.8,998.1,1000.4,16.3,6.6,6.9,16.3,8.8,10.2,91,48,64,68,4.4,4.4,4.4,4.4,2,4,1,2.3,62,25
997.5,998.4,1000,998.6,15.4,7.3,7.8,14.8,9.3,10.3,77,53,77,69,6.7,4.4,4.4,5.1,1,1,0,0.7,25,16
1001.4,1000.5,1001.3,1001.1,15,8.8,10,13.1,9.7,10.6,80,65,80,75,6.7,4.4,6.7,5.9,7,8,8,7.7,16,42
1000.8,1003,1003.7,1002.5,4.1,1,1.4,2.4,1,1.5,90,82,93,88,0.8,2.4,2.4,1.9,10,10,10,10,179,75
1001.4,1004.4,1007.9,1004.6,1,-0.2,0.2,0.2,0.2,0.2,96,93,95,95,2.4,2.4,2.4,2.4,10,10,10,10,75,76
1009.5,1009.7,1009.9,1009.7,3.7,-1,-0.4,1.9,1.8,1.3,96,71,77,81,0.8,2.4,0.8,1.4,10,9,10,9.7,76,49
1012.2,1014.7,1015.2,1014,5.1,1.5,2,4.4,2.9,3.1,88,68,90,82,2.4,4.4,2.4,3,9,5,10,8,49,28
1014.8,1013.8,1013.3,1014,9.6,2.8,4.8,8.3,3,4.8,71,63,92,75,2.4,2.4,0.8,1.9,9,3,0,4,28,27
1013.3,1011,1009.6,1011.3,10.5,-0.2,-0.2,9.2,4.6,4.6,95,63,82,80,0.8,0,0.8,0.6,0,0,0,0,27,29
1003.9,1006.8,1009.3,1006.7,17.8,10.3,11.2,16.7,10.8,12.4,67,59,77,68,0.8,0.8,2.4,1.4,0,4,0,1.3,54,30
1011,1010,1011,1010.7,16,7.3,8.2,15.8,10.5,11.3,82,56,74,71,0.8,2.4,2.4,1.9,5,8,3,5.3,30,69
1011.8,1010.9,1007.8,1010.2,10.8,6.8,8.6,8.4,6.9,7.7,71,72,72,72,2.4,6.7,6.7,5.3,7,10,10,9,69,60
1002.5,999.2,998.6,1000.1,7.3,4.3,4.3,6.8,4.9,5.2,78,72,82,77,6.7,6.7,4.4,5.9,10,10,6,8.7,60,64
997.2,997.3,1000.5,998.3,9.1,3.5,4.6,8.5,5.2,5.9,83,70,90,81,4.4,0.8,0.8,2,10,2,9,7,64,102
1003.8,1005.2,1007.5,1005.5,7.3,4.9,4.9,6.7,5.8,5.8,95,83,78,85,0.8,2.4,4.4,2.5,7,10,7,8,102,139
996.3,993.6,993.1,994.3,12.5,4.6,4.7,12.2,5.3,6.9,66,51,73,63,6.7,6.7,6.7,6.7,9,6,10,8.3,96,34
994.4,997.2,1000.5,997.4,6.3,2.3,3.4,2.9,2.4,2.8,94,91,92,92,4.4,4.4,4.4,4.4,10,10,10,10,34,59
1002.1,1001.6,1001.1,1001.6,5.1,2,2.2,4.3,2.6,2.9,87,72,87,82,2.4,2.4,0.8,1.9,10,9,0,6.3,59,71
999.1,997.8,996.6,997.8,4.6,0,0.4,3,3.1,2.4,95,86,83,88,2.4,2.4,0.8,1.9,0,10,9,6.3,71,102
995.1,995,996,995.4,3.8,1.4,1.5,3.4,3,2.7,90,77,80,82,2.4,0.8,2.4,1.9,10,10,10,10,102,80
996.1,995.7,997.1,996.3,7.7,0.4,0.7,6.4,4.7,4.1,91,63,67,74,2.4,2.4,2.4,2.4,5,7,9,7,80,166
984.3,986.5,988.2,986.3,15,3.5,4.5,14.8,9.8,9.7,91,56,86,78,0.8,0.8,2.4,1.4,8,7,3,6,97,40
987.5,993,999,993.2,10.2,4.7,8.1,6.1,5,6.1,81,93,88,87,0.8,4.4,2.4,2.5,9,10,10,9.7,40,68
999.8,999.8,1000.1,999.9,16.4,2.4,3.6,16,9.5,9.7,82,41,62,62,2.4,4.4,0.8,2.5,2,5,0,2.3,68,71
998.8,997.4,997.4,997.9,19,5.7,7.8,18.8,14,13.7,62,30,53,48,0.8,0.8,0.8,0.8,9,4,10,7.7,71,85
996.7,994.3,991.1,994,22.2,10.9,11.6,21.4,17.1,16.8,58,34,47,46,0.8,0.8,4.4,2,6,4,6,5.3,85,72
989.4,986.4,989.1,988.3,22.5,11.8,13.6,21,12,14.7,67,46,77,63,2.4,4.4,2.4,3,6,9,6,7,72,166
1006.6,1006.7,1006,1006.4,15.7,8.7,8.9,14.1,12.8,12.2,89,71,81,80,0.8,0.8,2.4,1.4,9,10,0,6.3,58,51
1004.1,1001.7,1000.4,1002.1,23.9,10.8,14.2,23.6,17.4,18.2,69,31,54,51,2.4,6.7,6.7,5.3,4,1,0,1.7,51,68
998.2,995.2,995.6,996.3,25.2,14.6,16.4,24.4,19.7,20.1,63,36,44,48,6.7,4.4,2.4,4.5,0,0,10,3.3,68,56
995.6,994.6,995.1,995.1,24.1,14.4,15.8,23.2,19.6,19.6,61,33,47,47,2.4,2.4,2.4,2.4,1,4,7,4,56,96
994.5,993.1,993.4,993.7,24.3,12.3,13.5,23.2,17.8,18.1,75,45,63,61,0.8,0.8,0.8,0.8,0,6,4,3.3,96,70
993.6,992.4,991.4,992.5,27.6,13,16.9,27.3,21.1,21.6,62,32,47,47,2.4,4.4,4.4,3.7,0,0,0,0,70,158
999.5,997.1,996.1,997.6,26,14.4,16,24.9,20.2,20.3,66,47,45,53,2.4,2.4,2.4,2.4,1,2,1,1.3,55,88
994.8,992.3,991.7,992.9,24.5,12.4,15.4,23.7,18.4,19,60,30,53,48,2.4,2.4,0.8,1.9,1,2,0,1,88,66
991.4,989.8,990.4,990.5,26.9,13.6,16.6,26.3,20.6,21,64,33,56,51,2.4,0.8,0.8,1.4,2,4,3,3,66,58
992.5,994.3,996.8,994.5,23.4,16.4,17.9,22.2,19.4,19.7,70,64,63,66,4.4,4.4,0.8,3.2,10,4,0,4.7,58,113
1000,999.5,999.4,999.6,27.7,15.9,19.4,27.2,23.6,23.5,64,39,47,50,0.8,2.4,0.8,1.4,3,6,4,4.3,113,68
999.6,997,996.9,997.8,28.7,15.7,18.4,26.8,20.8,21.7,73,38,58,56,2.4,2.4,2.4,2.4,0,7,4,3.7,68,74
997,998.6,998.4,998,21.7,11.6,11.8,20.9,17.2,16.8,95,47,70,71,2.4,2.4,0.8,1.9,10,5,4,6.3,13,9
999.1,998.8,999.3,999.1,23,14.3,15.3,22.3,17.8,18.3,78,42,60,60,0.8,2.4,0.8,1.4,5,4,0,3,9,12
1000.9,999.3,999.3,999.8,25,13.1,16.3,24.3,18.2,19.3,74,43,65,61,0.8,2.4,0.8,1.4,6,4,9,6.3,12,18
1000.2,999.5,1000.4,1000,23.5,15.4,16.4,22,18.7,19,81,56,73,70,2.4,0.8,0.8,1.4,9,7,0,5.3,18,25
1002.9,1002,1001.8,1002.2,24.6,13.9,16.4,23.8,20.6,20.4,79,48,53,60,0.8,2.4,2.4,1.9,0,5,3,2.7,25,23
1001.5,999.3,999.6,1000.1,25.9,14.2,19.6,25,19,20.7,64,55,69,63,2.4,4.4,2.4,3,2,4,9,5,23,19
1000,1000,1001,1000.3,25.6,15.8,19,25.1,19.9,21,73,56,69,66,4.4,2.4,4.4,3.7,1,3,10,4.7,19,17
1001.3,999.6,1000.2,1000.4,28.6,17.6,20.8,28.4,22.6,23.6,68,48,61,59,4.4,4.4,2.4,3.7,5,4,9,6,17,18
1001.2,999.8,1000,1000.3,27.6,18.6,20.6,25.4,21.8,22.4,70,48,65,61,0.8,2.4,0.8,1.4,0,7,7,4.7,18,21
1000.2,998.9,1001.7,1000.3,28.6,16.8,20,27.2,21.8,22.7,73,46,77,65,0.8,2.4,2.4,1.9,3,8,5,5.3,21,24
1004.7,1004.2,1004.8,1004.6,28.5,17.4,20.9,27.1,23.2,23.6,79,47,61,62,2.4,2.4,0.8,1.9,6,3,7,5.3,24,24
1004.9,1003.5,1003.4,1003.9,29.9,17.6,21.1,29.4,23.4,24.3,71,38,60,56,0,2.4,2.4,1.6,0,3,0,1,24,21
1004.8,1002.8,1003.5,1003.7,29.8,18.2,22.2,29.8,23,24.5,65,37,66,56,2.4,0.8,2.4,1.9,0,3,0,1,21,39
1003.9,1002.7,1002,1002.9,28.5,18.8,22.1,28.1,22.2,23.7,60,30,48,46,2.4,4.4,2.4,3,1,3,0,1.3,39,44
1002,1000.6,1000.9,1001.2,29.6,17.6,21.7,29.1,23.3,24.4,49,32,47,43,2.4,4.4,2.4,3,1,4,0,1.7,44,46
1000.6,999.2,999.3,999.7,30.4,18.5,23,30.3,24.3,25.5,53,28,44,42,2.4,2.4,0.8,1.9,3,4,0,2.3,46,46
1001.2,1000.1,1000.4,1000.6,31.3,20.4,21.8,30,25.8,25.9,68,44,61,58,2.4,2.4,2.4,2.4,7,5,3,5,70,79
999.6,996.6,994.6,996.9,34.1,22.4,24.2,33.4,27,27.9,64,34,58,52,4.4,4.4,4.4,4.4,0,0,10,3.3,79,75
992.6,994,994,993.5,27.6,21.1,26.1,22.3,21.1,22.7,58,71,86,72,2.4,0.8,0.8,1.4,6,10,7,7.7,75,67
995.5,994.7,995.2,995.1,27.9,20.1,20.9,27.5,23.8,24,87,59,73,73,0.8,0.8,0.8,0.8,10,9,8,9,67,79
996.2,994.7,994.2,995,31,20,23.6,30.1,26.4,26.6,75,48,60,61,0.8,0.8,0.8,0.8,0,6,6,4,79,70
992.7,991,989.5,991.1,34.7,21.9,26.8,34.4,29.2,29.9,62,32,50,48,0.8,0.8,0.8,0.8,3,3,5,3.7,70,146
990.1,988.5,989,989.2,29.2,18.5,21,27.2,20.2,22.2,66,52,74,64,0.8,2.4,0.8,1.4,2,9,9,6.7,146,55
991.4,991.7,992.9,992,23.7,16.9,17.8,22.5,18.7,19.4,88,76,85,83,2.4,2.4,0.8,1.9,10,6,10,8.7,55,68
993.3,993.5,994,993.6,20.4,16.9,17.8,19.6,18,18.4,80,82,94,85,2.4,2.4,0,1.6,10,10,10,10,68,67
994.4,994.8,995.9,995,23.3,16.9,18.4,22.4,19.9,20.2,97,77,85,86,0.8,0.8,0.8,0.8,10,6,4,6.7,67,66
996.7,995.7,996.7,996.4,28.3,17.1,17.8,28,21,22,93,49,79,74,2.4,0.8,0.8,1.4,10,6,4,6.7,66,60
997.9,997.5,1000.1,998.5,27.5,17.6,19.9,26.1,21,22,82,63,80,75,2.4,2.4,0.8,1.9,5,6,10,7,60,50
1001.7,1002,1004,1002.6,26,19.1,20.2,24.3,22.2,22.2,90,67,91,83,0.8,0.8,0.8,0.8,10,4,9,7.7,50,75
1005.7,1004.4,1003.3,1004.5,30.4,19,21.4,28.6,25,25,83,53,66,67,2.4,2.4,0.8,1.9,0,6,1,2.3,75,72
1002.1,998.3,997,999.1,30.6,20.6,24.2,29.1,24.2,25.4,72,48,59,60,0.8,0.8,2.4,1.4,4,9,0,4.3,72,77
996,997.9,1004,999.3,24.3,11.8,21.8,19.6,11.9,16.3,77,73,92,81,2.4,2.4,0.8,1.9,7,10,10,9,77,55
1005.4,1003.8,1004.1,1004.4,21,11.3,13.4,19.6,16.9,16.7,74,45,58,59,2.4,2.4,0.8,1.9,3,6,6,5,55,28
1003.7,1002.6,1002.2,1002.8,22.3,11.7,14.8,20.6,17.8,17.8,70,46,59,58,0.8,0.8,0,0.6,0,5,3,2.7,28,33
1002.3,1001.4,1002.3,1002,24.3,11.9,15.8,23,20.1,19.8,73,41,55,56,0.8,2.4,0.8,1.4,1,5,5,3.7,33,35
1002.2,1001,1000.1,1001.1,23.9,15,15.9,21.9,19.5,19.2,83,63,66,71,0.8,0.8,2.4,1.4,10,8,9,9,35,45
997.9,994.6,994.2,995.6,19.9,15.5,15.8,18.8,15.8,16.6,92,82,91,88,2.4,2.4,2.4,2.4,10,10,10,10,45,55
992.3,992.1,991.6,992,23.3,15.7,16.6,21.2,18.3,18.6,92,75,91,86,0.8,0.8,2.4,1.4,10,7,10,9,55,63
989,988.1,990,989,22.7,17,17.7,21,19.2,19.3,95,95,95,95,2.4,2.4,2.4,2.4,10,9,10,9.7,63,52
991.2,991.2,995.5,992.6,27.8,17.3,19.4,27,19.7,21.5,93,51,44,63,0.8,2.4,2.4,1.9,9,4,0,4.3,52,49
998.2,998,998.8,998.3,24.6,18.5,19.4,21,20.1,20.2,96,85,89,90,0.8,0.8,0.8,0.8,10,10,9,9.7,61,65
998.9,997.7,999.5,998.7,26.3,17.5,18.2,26.2,18,20.1,95,54,87,79,0.8,2.4,0.8,1.4,10,6,10,8.7,65,67
998.7,998.5,998.8,998.7,20,16.5,17,17.5,17.1,17.2,90,94,93,92,2.4,0.8,0.8,1.4,10,10,5,8.3,67,74
998.3,997.1,997.6,997.7,25.8,16.8,18.2,25.2,20.6,21.2,92,63,86,80,0.8,0.8,0.8,0.8,10,6,4,6.7,74,75
997.7,996.9,998.2,997.6,29.3,18,21.9,28.6,25,25.1,79,50,69,66,0.8,2.4,0.8,1.4,0,4,9,4.3,75,65
1001,1000.6,1000.7,1000.8,27.2,20,20.2,26,23.8,23.5,87,65,76,76,0.8,0.8,2.4,1.4,9,6,5,6.7,65,165
1001.3,1001,1001.3,1001.2,28.5,20.8,21.6,27.8,23.6,24.2,83,50,61,65,0.8,2.4,0.8,1.4,6,4,4,4.7,165,61
1002.3,1000.7,1000,1001,29.5,18.6,20.9,28.8,23.8,24.3,80,41,65,62,2.4,2.4,0.8,1.9,0,3,0,1,61,54
999.5,998.6,997.9,998.7,28.8,18.9,21.8,25.8,21.8,22.8,72,50,77,66,2.4,2.4,0.8,1.9,3,9,2,4.7,54,63
998.3,996.5,994.5,996.4,30,18.5,21.3,29,24,24.6,70,34,58,54,2.4,0.8,0.8,1.4,0,1,3,1.3,63,50
993.7,993.9,994.2,993.9,25.5,19.6,19.8,21.8,21.7,21.3,92,82,73,82,2.4,0.8,2.4,1.9,10,10,4,8,50,73
994.2,993.9,994.1,994.1,25.6,18.5,19.6,24,23.6,22.7,78,58,48,61,2.4,2.4,2.4,2.4,10,10,9,9.7,73,57
994.9,996,996.9,995.9,24.6,17.8,18.6,23.8,22.6,21.9,89,67,77,78,0.8,2.4,0.8,1.4,10,10,7,9,57,55
997.5,997,997,997.2,30.1,18.6,20.8,28.9,23.8,24.3,77,37,61,58,0.8,2.4,0.8,1.4,1,1,0,0.7,55,55
997.5,996.7,995.2,996.5,32.2,18.6,23,31.6,26.4,26.9,66,40,58,55,0.8,0.8,0.8,0.8,0,0,5,1.7,55,75
1009.5,1011.7,1011.5,1010.9,-1.9,-5.6,-4.8,-2.3,-3.2,-3.4,87,80,87,85,2.4,2.4,0.8,1.9,5,10,9,8,118,106
1007.8,1002.1,998.1,1002.7,0.3,-5.7,-5.6,-1,-0.6,-2,90,65,90,82,0.8,2.4,2.4,1.9,0,10,10,6.7,106,49
999.5,1001.2,1004.2,1001.6,1.3,-1.5,0.4,0.6,-1.5,-0.5,90,90,95,92,2.4,2.4,2.4,2.4,10,10,10,10,49,2
990.1,988.8,989.3,989.4,4.6,-0.4,1.2,4.4,0.9,1.9,90,70,93,84,0.8,0.8,2.4,1.4,9,10,10,9.7,56,48
992,993.1,996.2,993.8,0.9,-2.9,-0.1,-2.9,-1.9,-1.7,95,97,96,96,0.8,2.4,2.4,1.9,10,10,10,10,48,34
1001.3,1003.6,1005.3,1003.4,-0.1,-2.4,-2.3,-0.4,-1.1,-1.2,94,87,90,90,2.4,2.4,2.4,2.4,10,10,10,10,34,56
1003.1,1001.2,1000.3,1001.5,0.6,-4.6,-3,-0.4,0.6,-0.6,83,78,88,83,0.8,2.4,0.8,1.4,9,9,10,9.3,56,84
995.7,992.8,988.4,992.3,5.7,0.5,1.4,4.5,1.4,2.2,93,73,83,83,0.8,2.4,0.8,1.4,6,9,0,5,84,140
982.2,984.4,990.5,985.7,8.1,1.4,4,7.4,3.7,4.7,85,71,48,68,2.4,2.4,2.4,2.4,10,9,0,6.3,140,66
998.6,999.9,1001.5,1000,3.9,-1.3,-1.2,2.3,2.1,1.3,68,61,70,66,2.4,4.4,4.4,3.7,0,9,7,5.3,66,51
1000.1,1000.8,1001.2,1000.7,9.6,2,3.8,8.7,5.1,5.7,49,42,60,50,2.4,2.4,0.8,1.9,9,5,0,4.7,51,96
1000.5,999.6,998.5,999.5,14.2,3.5,4.6,12.8,7.2,8,60,42,57,53,2.4,2.4,2.4,2.4,0,0,0,0,96,116
996.2,997.8,1004.1,999.4,10.6,2.9,5.3,5.3,3,4.2,64,71,91,75,0.8,2.4,2.4,1.9,5,9,10,8,116,90
1004.3,1003.1,1001.2,1002.9,4.4,0.2,0.5,4,2.7,2.5,95,70,76,80,0.8,2.4,0.8,1.4,6,10,9,8.3,90,107
998.7,999.6,1002.6,1000.3,2.7,0.8,0.9,1.4,1.6,1.4,91,97,90,93,0.8,2.4,2.4,1.9,10,10,10,10,107,93
1005,1004.8,1003.8,1004.5,2.6,0.6,0.8,2.2,0.9,1.2,90,77,81,83,2.4,2.4,2.4,2.4,10,9,9,9.3,93,101
998.8,994.3,990,994.4,1.1,-0.6,0.6,0.8,-0.6,0.1,95,91,96,94,2.4,2.4,2.4,2.4,10,10,10,10,101,97
1010.9,1010.6,1010.4,1010.6,4.8,2.7,2.7,3.5,4,3.6,90,95,97,94,2.4,0.8,2.4,1.9,10,10,10,10,73,56
1009.4,1009.2,1010.2,1009.6,4.6,2.7,3,4.3,3.6,3.6,91,84,77,84,0.8,2.4,2.4,1.9,10,10,8,9.3,56,6
1005.5,1004.1,1005,1004.9,9,0.9,1.4,8.3,3.8,4.3,90,49,76,72,2.4,0.8,0.8,1.4,9,4,0,4.3,60,43
1005,1001.7,996.3,1001,11.5,1,1,11.2,9.6,7.9,88,50,55,64,0,2.4,2.4,1.6,0,9,9,6,43,51
989.6,989.8,994.1,991.2,12,3.8,11.1,4.8,4.8,6.4,53,88,94,78,4.4,4.4,2.4,3.7,10,10,10,10,51,65
1000.5,1004.4,1010.7,1005.2,5.3,2.2,3.1,5,2.2,3.1,84,55,76,72,2.4,2.4,2.4,2.4,10,10,8,9.3,65,70
1016.3,1017.9,1019.4,1017.9,5.7,-0.8,-0.7,5.3,2.4,2.4,83,54,68,68,0.8,2.4,0.8,1.4,3,5,0,2.7,70,82
1017.8,1016.7,1015.1,1016.5,9.3,1,2.2,7.2,6.1,5.4,77,71,81,76,2.4,2.4,0.8,1.9,10,8,9,9,82,106
1014,1015.4,1016.8,1015.4,10,2.7,2.8,9,4,5,86,57,80,74,0.8,2.4,0.8,1.4,5,3,0,2.7,106,129
1017,1016.3,1015.3,1016.2,11.1,0,0,9.4,4.6,4.7,93,53,78,75,0.8,2.4,0.8,1.4,0,3,0,1,129,155
1013.9,1012.2,1011.2,1012.4,13,0.8,0.8,11.6,6,6.1,88,51,79,73,0.8,2.4,0.8,1.4,0,0,0,0,155,167
1010,1008.1,1006.8,1008.3,14.3,1.6,2.2,13.5,7.8,7.8,92,41,75,69,0.8,2.4,0.8,1.4,0,0,0,0,167,167
1004.7,1003.6,1003.5,1003.9,16.8,2.8,2.8,15.3,8.5,8.8,87,39,60,62,0.8,2.4,0.8,1.4,0,4,0,1.3,167,165
1005.5,1006.8,1009,1007.1,14.9,3.8,4.1,14,9.1,9.1,78,43,54,58,0.8,2.4,0.8,1.4,0,6,7,4.3,165,145
1011.6,1010.8,1009.2,1010.5,13.4,2.4,2.4,12.6,7.9,7.7,82,37,58,59,0.8,2.4,0.8,1.4,0,4,0,1.3,145,135
1004.7,1002.8,1010.6,1006,8,-0.4,5.8,7,-0.4,3,94,96,55,82,2.4,0.8,4.4,2.5,10,10,3,7.7,135,104
1019.3,1021.2,1022.7,1021.1,2,-3.6,-3.4,1.3,-1.2,-1.1,70,39,66,58,4.4,4.4,0.8,3.2,7,1,0,2.7,104,50
1023.1,1021.6,1020.7,1021.8,2.5,-5.2,-5.1,1.4,-0.2,-1,86,54,56,65,0.8,2.4,0.8,1.4,1,9,8,6,50,120
1019.6,1019.3,1017.1,1018.7,6.5,-1,-0.7,5.4,1.7,2,57,41,50,49,2.4,0.8,0.8,1.4,9,1,0,3.3,120,118
1012,1006.4,1005.1,1007.8,13,0.3,0.9,11.4,8.6,7.4,55,45,54,51,0.8,4.4,0.8,2,4,7,3,4.7,118,135
1007.7,1007.2,1007,1007.3,12.4,2.6,3.6,11.2,7.4,7.4,67,42,55,55,2.4,4.4,0.8,2.5,8,5,0,4.3,135,97
1003.2,997.3,993.7,998.1,19.1,4,4.2,17.7,14.8,12.9,75,20,29,41,2.4,4.4,4.4,3.7,0,0,0,0,97,112
996.2,994.4,993.8,994.8,17.2,9,9.2,16.8,10.4,11.7,54,37,57,49,0.8,2.4,0.8,1.4,1,6,4,3.7,112,67
997.4,999.4,1002.1,999.6,12.3,7,7.2,11.4,8.3,8.8,79,53,67,66,2.4,2.4,0.8,1.9,9,7,9,8.3,67,55
1003.8,1003.7,1001.1,1002.9,13.3,6,6,10.2,8,8.1,82,62,69,71,2.4,0.8,2.4,1.9,8,6,0,4.7,55,106
997.7,993.3,990,993.7,21.2,7.4,7.9,20.9,16.2,15.3,56,25,33,38,0.8,2.4,2.4,1.9,3,5,3,3.7,106,76
996.4,997.1,998.9,997.5,16.5,7.4,7.6,13.9,10.3,10.5,90,60,66,72,2.4,2.4,0.8,1.9,10,8,8,8.7,76,35
1002.5,1004.1,1002.6,1003.1,16.1,7.3,7.7,15.4,11.7,11.6,78,38,47,54,2.4,0.8,4.4,2.5,9,1,3,4.3,35,3
1006.4,1004.1,1001.5,1004,18,9.7,9.9,17.4,13.5,13.6,88,54,63,68,0.8,2.4,0.8,1.4,5,6,8,6.3,46,36
1003.5,997.3,995,998.6,21,11,11.4,20.2,16,15.9,52,31,51,45,0.8,4.4,2.4,2.5,3,9,7,6.3,36,47
999.3,1000.6,1000.2,1000,16,4.4,11.4,6.8,4.6,6.9,65,79,81,75,2.4,4.4,2.4,3,10,10,10,10,47,54
1003,1003.8,1005,1003.9,10.5,3.3,3.5,9.6,6.6,6.6,73,45,51,56,2.4,2.4,0.8,1.9,10,5,0,5,54,88
1002.5,999.4,997.1,999.7,12.3,0.6,1.7,11.8,7.7,7.2,75,32,48,52,0.8,2.4,4.4,2.5,1,9,9,6.3,88,99
995.9,995.5,994,995.1,12.6,4.5,5.3,11.5,7.1,7.8,73,43,54,57,0.8,2.4,0.8,1.4,10,8,0,6,99,105
991.9,994.2,996.3,994.1,14.7,5.3,7.2,12.6,9.8,9.9,49,41,63,51,2.4,2.4,0.8,1.9,9,9,7,8.3,105,79
994.2,998.7,999.7,997.5,14.8,9.6,11.1,13.8,11.8,12.1,53,56,63,57,0.8,2.4,0.8,1.4,10,10,5,8.3,79,68
999.3,997,993.3,996.5,24.5,6.9,9,23.1,18.7,17.4,93,31,34,53,0.8,2.4,2.4,1.9,0,0,0,0,68,63
997.4,996,1002.5,998.6,21,9.7,12,19.7,9.7,12.8,68,44,53,55,2.4,2.4,2.4,2.4,5,3,8,5.3,63,56
1005.4,1005.5,1009.5,1006.8,14,7,7.2,13,8.6,9.4,66,49,70,62,2.4,2.4,2.4,2.4,9,5,7,7,56,55
1013.2,1014.5,1016.7,1014.8,10.9,5.6,5.8,9.7,7.8,7.8,92,58,69,73,2.4,2.4,0.8,1.9,10,10,5,8.3,55,83
1018.8,1017,1016.9,1017.6,15.4,3.8,4.4,14.8,10.5,10.1,79,29,35,48,0.8,2.4,2.4,1.9,1,1,6,2.7,83,94
1016.9,1014.1,1012.6,1014.5,17.4,3,5,16.8,13.4,12.2,63,35,38,45,0.8,2.4,0.8,1.4,0,5,0,1.7,94,125
1011.4,1009.2,1008.6,1009.7,20,5.8,6.4,18,14.6,13.4,68,39,46,51,2.4,2.4,2.4,2.4,0,4,0,1.3,125,114
1008.3,1005.1,1001.4,1004.9,21.6,5.3,6.7,20,13.4,13.4,70,18,37,42,0.8,2.4,0.8,1.4,0,0,0,0,114,112
997.8,995.7,996.8,996.8,19.9,6.9,8.8,18.4,12.5,13.1,47,34,48,43,0.8,4.4,2.4,2.5,0,4,10,4.7,112,99
1003.3,1004.8,1006.6,1004.9,12.5,6.5,6.6,11.7,10.2,9.7,63,40,43,49,0.8,2.4,0.8,1.4,10,9,8,9,99,58
1009.7,1009.7,1012.1,1010.5,13.4,3.3,4,11.6,7.6,7.7,65,38,24,42,2.4,2.4,0.8,1.9,0,7,0,2.3,58,61
1013.8,1012.5,1012.8,1013,14.8,1.4,2.4,13.9,10.5,9.3,53,32,30,38,0.8,2.4,2.4,1.9,0,0,0,0,61,67
1014.6,1011.9,1011.2,1012.6,16.6,2.9,3.4,15.8,11.5,10.6,61,30,43,45,0.8,2.4,0.8,1.4,0,1,0,0.3,67,99
1011.1,1008.2,1006.1,1008.5,19.5,5,5.8,18.6,12.7,12.5,67,30,49,49,0.8,2.4,0,1.1,0,0,0,0,99,108
1004.2,1001.5,1000.2,1002,21.4,6.4,9.2,21,13.7,14.4,63,29,44,45,0.8,2.4,0,1.1,0,0,0,0,108,110
1001.4,999.6,1000.2,1000.4,22.9,6.9,10.2,22.1,16.1,16.1,53,29,43,42,0.8,2.4,2.4,1.9,0,0,0,0,110,111
1002.4,1000.3,1000.1,1000.9,20.6,7.3,10.2,19.8,12,13.5,60,32,38,43,2.4,4.4,4.4,3.7,0,0,0,0,111,79
998.7,996.4,996.1,997.1,18.8,9.6,9.8,18.8,13.2,13.8,37,30,34,34,4.4,6.7,4.4,5.1,8,5,9,7.3,79,77
995.6,992.2,992.2,993.3,21.6,10,10.2,20.3,14.7,15,46,34,44,41,4.4,4.4,4.4,4.4,4,2,6,4,77,65
991.2,989.5,991.6,990.8,17.7,10.4,10.6,17,11.3,12.6,49,44,70,54,4.4,9.4,0.8,4.9,8,8,6,7.3,65,30
989,988,989.1,988.7,22.1,11.4,12.4,21.6,16.2,16.6,72,41,65,59,2.4,2.4,0.8,1.9,7,6,6,6.3,56,43
990.3,988.7,989.7,989.6,23.3,12,12.4,22,17.6,17.4,89,45,53,62,0.8,2.4,0.8,1.4,9,4,6,6.3,43,51
992.1,993.1,994.5,993.2,17.6,12.4,13,15.8,12.6,13.5,85,73,93,84,0.8,2.4,0.8,1.4,9,8,10,9,51,49
995.7,997.4,999.4,997.5,12.6,6.3,7.2,9,6.3,7.2,92,80,84,85,2.4,4.4,2.4,3,10,9,10,9.7,49,134
999.2,1000,1000.4,999.9,8.6,5.3,6.3,8.4,7.6,7.5,86,85,95,89,2.4,2.4,0.8,1.9,10,10,10,10,134,90
999.4,999,1000,999.5,12.8,7.1,7.2,12.1,10.5,10.1,96,71,92,86,2.4,0.8,2.4,1.9,10,9,10,9.7,90,79
1000.6,1001.9,1003.3,1001.9,14.6,9.4,9.9,11.4,10.5,10.6,94,86,88,89,2.4,2.4,0,1.6,10,10,9,9.7,79,78
1004.6,1003.6,1003.6,1003.9,17.3,6.2,7.1,16.5,12.1,12,64,39,42,48,0.8,2.4,2.4,1.9,0,1,0,0.3,78,92
1003.5,1003.6,1005.6,1004.2,16.7,5.5,7,16.4,11.3,11.5,71,47,81,66,2.4,2.4,0.8,1.9,5,5,8,6,92,92
1008.7,1010,1011.2,1010,17.4,7.7,10.8,16.8,14.2,14,75,44,58,59,2.4,2.4,0,1.6,2,5,5,4,92,74
1012.3,1010.7,1010.1,1011,21.1,8.4,9.9,20.2,16,15.5,90,34,37,54,2.4,2.4,0.8,1.9,0,4,0,1.3,74,87
1011.5,1011.3,1010.2,1011,19.4,8.2,9.8,18.8,12.7,13.5,69,31,51,50,0.8,4.4,0.8,2,0,1,0,0.3,87,72
1008.5,1005.6,1003.1,1005.7,22.2,7.5,11.7,21.3,14.9,15.7,55,31,44,43,0.8,0.8,0.8,0.8,4,0,0,1.3,72,84
1000.7,998,997.5,998.7,24.5,9.3,14.9,23.9,16,17.7,45,27,50,41,0.8,2.4,6.7,3.3,0,4,3,2.3,84,75
1000.9,998.5,1000.2,999.9,16,7.2,8.2,14.2,12,11.6,84,55,67,69,4.4,4.4,6.7,5.1,10,6,6,7.3,75,56
1003.1,1002,1002.2,1002.4,24.6,11.4,13.2,24.2,17.8,18.3,71,40,58,56,6.7,4.4,4.4,5.1,4,1,4,3,56,56
1004.8,1003.1,1002.3,1003.4,28.3,14,15.8,27.8,21.1,21.5,62,33,52,49,4.4,2.4,2.4,3,4,4,0,2.7,56,56
1002,998.9,996.6,999.2,29.9,16,18.9,29.6,25.1,24.7,63,27,32,41,0.8,4.4,4.4,3.2,5,6,7,6,56,55
998.1,998.1,999.5,998.6,25.5,10.9,17.4,14.2,10.9,13.4,72,88,93,84,2.4,0.8,2.4,1.9,9,10,6,8.3,55,24
999.3,998,998.5,998.6,18.8,10.1,11.8,15.5,12.8,13.2,79,67,72,73,2.4,0.8,0.8,1.4,6,9,0,5,24,32
996.9,994.7,995.8,995.8,17.2,8.9,11.2,16.6,11.8,12.9,83,62,89,78,0.8,0.8,0.8,0.8,5,10,10,8.3,32,62
992.8,992.5,994,993.1,15.7,9.8,11.2,12.8,9.8,10.9,95,80,95,90,0.8,2.4,2.4,1.9,10,9,10,9.7,62,44
992.6,993.9,995.4,994,16.1,9.4,10.2,15.7,11.1,12,95,76,91,87,2.4,4.4,0.8,2.5,10,7,4,7,44,119
996.4,995.4,994.4,995.4,22.1,10,12.2,21.5,15.4,16.1,74,42,67,61,2.4,2.4,0.8,1.9,4,3,0,2.3,119,111
995.3,993.7,994.2,994.4,23.3,12.7,16.6,22.8,15.7,17.7,56,35,64,52,2.4,0.8,2.4,1.9,8,2,8,6,111,49
992.2,988.6,987.5,989.4,23,11.4,15.4,22,14.7,16.7,61,37,82,60,2.4,2.4,0.8,1.9,5,8,10,7.7,49,61
984.9,985.6,989.9,986.8,19,8.1,13,18.4,8.1,11.9,94,74,95,88,2.4,2.4,2.4,2.4,10,7,10,9,61,36
993.3,991.3,989.3,991.3,17,11.4,12.6,14.6,11.9,12.8,71,78,91,80,0.8,0.8,2.4,1.4,10,10,8,9.3,47,69
994.8,995.2,997.5,995.8,19.9,10.3,11.2,19.4,15,15.2,87,53,67,69,2.4,2.4,0.8,1.9,8,6,4,6,69,74
999.9,998.4,997.7,998.7,23.8,9.8,13.4,22.9,18.6,18.4,71,45,57,58,0.8,0.8,2.4,1.4,5,4,4,4.3,74,24
997,997,999.3,997.8,24.5,15,16.8,23.6,16.7,18.5,62,49,73,61,2.4,4.4,2.4,3,8,8,10,8.7,24,126
1000.7,1000.8,1001.9,1001.1,21.6,16.1,17.1,21.1,16.7,17.9,70,52,73,65,4.4,4.4,0,2.9,9,9,10,9.3,126,23
1000,1000.2,1000,1000.1,16.7,7.4,8.9,9,7.4,8.2,94,95,96,95,4.4,2.4,2.4,3,10,10,10,10,23,16
998.5,998.7,999.7,999,13.1,6,6.8,11.9,10.9,10.1,92,66,84,81,2.4,0.8,0.8,1.4,10,9,9,9.3,16,23
999.2,998.4,998.5,998.7,13.4,9.3,10.5,12.6,11.3,11.4,78,73,90,80,0.8,0.8,0,0.6,10,9,10,9.7,23,43
998.3,997.9,996.8,997.7,16.4,10.4,11.7,14.8,12.8,13,80,74,83,79,0.8,0.8,0.8,0.8,9,10,3,7.3,43,63
994.8,992.4,993.5,993.6,24.9,10.3,15,23.8,19,19.2,82,48,70,67,0.8,0.8,0.8,0.8,1,1,9,3.7,63,43
991.7,989.4,989.2,990.1,24.7,13.1,16.2,24.3,14.6,17.4,86,53,94,78,0.8,0.8,2.4,1.4,3,9,10,7.3,43,27
990.7,991.3,993.3,991.8,24.1,12.8,17.8,22.6,15.1,17.7,66,43,85,65,2.4,0.8,2.4,1.9,6,6,10,7.3,27,18
994.3,994.5,996.5,995.1,23.4,12,16.8,22.2,17,18.3,57,47,67,57,2.4,2.4,0.8,1.9,6,5,6,5.7,18,13
997.1,996.6,998.8,997.5,23.5,14.2,17.1,21.9,16.8,18.2,62,58,83,68,0.8,2.4,2.4,1.9,10,4,9,7.7,13,16
999,999,999,999,19.5,14.4,17,18.8,16.3,17.1,77,68,74,73,2.4,2.4,0.8,1.9,4,9,8,7,16,27
998,997.2,997.2,997.5,18.9,12.7,13.3,17.7,17.1,16.3,82,68,75,75,2.4,0.8,0.8,1.4,10,9,7,8.7,27,39
998.3,998.6,998.8,998.6,24.4,14.2,16.6,24,18.6,19.5,76,44,68,63,2.4,2.4,0.8,1.9,4,5,3,4,39,40
999.8,998.8,998.7,999.1,26.2,14.6,19.6,25.8,22.6,22.7,62,46,54,54,0,2.4,2.4,1.6,6,5,10,7,40,29
997.5,997.4,994.6,996.5,22.6,18.2,19.8,20.8,18.6,19.5,74,76,79,76,2.4,2.4,2.4,2.4,10,10,3,7.7,29,25
993,990,992.1,991.7,26.2,15.3,17.2,25.2,19.7,20.5,87,53,79,73,2.4,2.4,0.8,1.9,8,7,9,8,25,14
994,995.1,998.8,996,25.4,15.9,19,23.1,17.4,19.2,69,58,82,70,2.4,0.8,0.8,1.4,9,10,6,8.3,14,7
1003,1004.6,1006.8,1004.8,18.7,14.4,15.8,17.8,14.5,15.7,82,69,82,78,2.4,0.8,2.4,1.9,8,10,6,8,7,6
1006.4,1005.8,1005,1005.7,15.9,12.1,12.8,15.2,14.1,14.1,85,81,95,87,2.4,2.4,0.8,1.9,10,10,10,10,6,7
1001.3,1002.1,1002.1,1001.8,17.5,13.9,14.6,16.9,14.8,15.3,98,89,94,94,0.8,0.8,0,0.6,10,10,3,7.7,7,87
1002.6,1001.5,1001.1,1001.7,23.5,14,16,22.4,19.4,19.3,90,62,75,76,0.8,0.8,0.8,0.8,10,5,6,7,87,104
998.5,998,998.3,998.3,23.6,15.5,17.5,23,19.7,20,88,62,77,76,0.8,2.4,0.8,1.4,9,8,4,7,104,72
997.2,996.2,996,996.5,24.8,16.5,17.8,22.9,19.8,20.1,88,66,86,80,0.8,2.4,0,1.1,8,5,5,6,72,62
996,995,995.4,995.5,23,16.3,17.9,22.1,18.4,19.2,88,73,86,82,0.8,2.4,0.8,1.4,8,7,0,5,62,22
1007.4,1005.1,1003.8,1005.4,30,19.4,20.9,28.7,25.6,25.2,90,49,52,64,2.4,0.8,0.8,1.4,0,1,0,0.3,48,65
1002.3,999.2,998.4,1000,30.6,20.1,23.5,29.8,24.4,25.5,70,55,70,65,0.8,0.8,0.8,0.8,0,7,2,3,65,59
997.6,997,998.4,997.7,30.5,20.7,23.9,30.3,23.3,25.2,66,44,74,61,2.4,2.4,2.4,2.4,1,5,3,3,59,35
998.6,998,997.5,998,30.9,20,22.3,30.1,26.2,26.2,74,49,62,62,2.4,2.4,2.4,2.4,6,4,0,3.3,35,149
998.7,997.8,998.4,998.3,34.5,21.8,25.7,34.1,29.4,29.7,59,46,60,55,0.8,0.8,0.8,0.8,0,0,4,1.3,114,118
1001,1001.3,1001.5,1001.3,29.9,22,23.1,29.6,25.8,26.1,69,48,45,54,2.4,2.4,2.4,2.4,4,2,0,2,118,55
1003.6,1003.1,1002.8,1003.2,29.3,20.2,23.6,29.1,22.8,24.6,70,40,57,56,2.4,2.4,2.4,2.4,4,2,6,4,55,69
1002,999.8,998.9,1000.2,29.2,19.2,21,28.4,24.7,24.7,72,48,62,61,0.8,2.4,0.8,1.4,5,4,0,3,69,45
999.9,998.7,998.8,999.1,25.6,18.1,18.1,25.1,21.4,21.5,83,46,70,66,0.8,0.8,0.8,0.8,10,5,7,7.3,61,65
999.1,999.4,998.9,999.1,21.4,16.4,17.6,17.5,16.4,17,70,73,77,73,0.8,2.4,0.8,1.4,10,10,0,6.7,65,78
999,997.3,997.5,997.9,24.7,13.3,15.3,23.4,19.7,19.5,77,39,58,58,2.4,2.4,0.8,1.9,0,4,3,2.3,78,62
998.3,997.5,997,997.6,25.6,15.1,17.8,25.2,20.4,21,67,36,65,56,0.8,0.8,0.8,0.8,2,6,7,5,62,178
994.4,994.2,994.7,994.4,30.4,19.4,20.2,28.6,25.9,25.2,89,56,67,71,0.8,2.4,0.8,1.4,6,5,0,3.7,60,66
996.6,996,996.6,996.4,31.4,21.9,23.8,30.8,25.2,26.3,77,54,80,70,2.4,2.4,0.8,1.9,3,6,3,4,66,67
998.5,999,998.6,998.7,30,21.5,23.9,29.5,26.1,26.4,69,48,61,59,0.8,2.4,0.8,1.4,4,4,0,2.7,67,136
998.4,995.3,995.4,996.4,31,20.7,23.8,30.6,23.3,25.3,76,47,70,64,0.8,2.4,2.4,1.9,0,7,9,5.3,136,115
993.2,994.4,996.1,994.6,25.7,18.5,19.4,23.4,19.8,20.6,93,73,67,78,2.4,2.4,0.8,1.9,9,5,2,5.3,115,59
998.8,999.2,1000.6,999.5,25,16.5,17.9,23.8,19.9,20.4,84,62,79,75,2.4,0.8,0.8,1.4,5,5,4,4.7,59,84
1001.6,1000.5,1000.3,1000.8,28.1,15.8,18.7,27.2,22,22.5,73,35,61,56,0.8,0.8,2.4,1.4,0,4,0,1.3,84,49
1000.2,999.4,1000,999.9,30.4,21.1,22.6,29.6,25.8,26,74,49,59,61,0.8,2.4,0.8,1.4,0,0,1,0.3,65,75
1000,999.3,999.7,999.7,34.3,21,25.6,33.1,27.1,28.2,60,34,54,49,0.8,2.4,0.8,1.4,0,0,0,0,75,59
1000.8,1000.8,999.8,1000.5,34.3,22.2,26.8,33.6,27.7,29,55,35,58,49,0.8,0.8,0.8,0.8,0,0,0,0,59,78
999,997.1,996.5,997.5,37.5,23.3,27.8,36.4,29.7,30.9,54,31,43,43,2.4,2.4,2.4,2.4,0,0,0,0,78,165
995,995,996.5,995.5,35.7,26.1,28.7,35.1,27,29.5,42,36,55,44,4.4,2.4,0.8,2.5,0,0,9,3,165,43
996.9,999,1000.8,998.9,27,18.2,20.5,20.5,18.2,19.4,79,76,83,79,2.4,2.4,2.4,2.4,10,9,9,9.3,43,44
1001.2,999.1,1000.2,1000.2,25.6,16.4,17.3,24.5,20.9,20.9,68,40,45,51,2.4,2.4,0.8,1.9,5,1,0,2,44,29
1001.3,1000.4,1001.9,1001.2,27.4,14.1,16.5,26.8,20.7,21.2,70,33,68,57,0.8,2.4,0.8,1.4,0,4,6,3.3,29,43
1002.5,1001.2,1001,1001.6,27.9,17.2,18.4,26.8,21.2,21.9,77,42,62,60,0.8,0.8,0.8,0.8,2,6,3,3.7,43,41
1001.5,1000.9,1000.7,1001,30.8,16.7,21.5,30.2,24.2,25,58,34,46,46,0.8,2.4,0.8,1.4,1,0,0,0.3,41,41
1001.2,1001,1001.6,1001.3,34.5,20.2,24.8,33.9,28.3,28.8,37,28,41,35,2.4,0.8,2.4,1.9,1,0,0,0.3,41,46
1003.3,1002.8,1002.6,1002.9,35.9,22,26.2,35.8,28.4,29.7,44,25,44,38,2.4,2.4,2.4,2.4,0,0,0,0,46,48
1003.6,1003.2,1003.8,1003.5,34.9,22.9,25.9,34.2,29,29.5,47,26,43,39,2.4,2.4,0.8,1.9,0,0,0,0,48,45
1007.6,1006.2,1005.7,1006.5,29.7,18.4,19.2,28.8,25.3,24.7,75,50,67,64,2.4,0.8,0.8,1.4,5,0,0,1.7,45,53
1007,1005.2,1004.9,1005.7,33.2,21.5,22.8,32.3,28.1,27.8,77,41,53,57,0.8,2.4,2.4,1.9,4,3,0,2.3,53,78
1004.9,1003,1002.6,1003.5,34.3,22.6,25.1,33.6,28.6,29,54,31,43,43,4.4,4.4,2.4,3.7,6,5,5,5.3,78,65
1003.9,1002.3,1003,1003.1,31.9,22.2,22.7,31.2,25.8,26.4,74,40,57,57,0.8,4.4,0.8,2,9,1,6,5.3,65,67
1004.5,1002.8,1001.7,1003,32.4,21.9,23.9,31.6,26.1,26.9,67,41,64,57,2.4,2.4,0.8,1.9,8,3,6,5.7,67,64
1004,1002.6,1003,1003.2,34.9,19.6,21.5,34.2,27.4,27.6,80,34,44,53,0,2.4,2.4,1.6,5,1,0,2,64,57
1003.7,1001.7,1002.1,1002.5,35.3,22.9,25.1,34.8,27.6,28.8,48,28,38,38,2.4,4.4,2.4,3,0,1,0,0.3,57,55
1002,1001.3,1001.6,1001.6,35,22,25.2,34.5,27.5,28.7,39,22,36,32,2.4,2.4,2.4,2.4,0,5,0,1.7,55,49
1003.4,1002.7,1002.7,1002.9,33.9,20.4,22.9,32.6,27.2,27.5,54,33,51,46,0.8,0.8,2.4,1.4,3,5,4,4,49,71
1002.3,1000.1,999.3,1000.6,33.4,20.3,22.2,32.6,27.6,27.5,67,34,46,49,0.8,0.8,2.4,1.4,0,1,3,1.3,71,76
998.8,997.2,997.5,997.8,33.5,21.9,24.1,32.7,26.2,27.3,44,25,32,34,2.4,2.4,2.4,2.4,0,0,0,0,76,139
997.7,997.1,997.8,997.5,34.5,20.4,22.5,34.4,27.1,27.8,39,22,32,31,2.4,2.4,2.4,2.4,2,3,3,2.7,139,139
1003,1004.7,1006.3,1004.7,27.1,18.4,19.3,20.1,18.4,19.1,70,67,72,70,2.4,2.4,0.8,1.9,9,10,10,9.7,139,60
1006.1,1003.3,1001.7,1003.7,25.3,15.6,16.8,24.3,19.1,19.8,82,48,66,65,0.8,2.4,0.8,1.4,9,5,0,4.7,60,108
1000.1,998,999.1,999.1,28.4,14.6,17.6,26.9,23.5,22.9,70,44,57,57,0.8,0.8,2.4,1.4,0,1,4,1.7,108,46
996.8,994.5,1001,997.4,29.2,15.8,21.4,28.4,15.9,20.4,62,44,91,66,4.4,6.7,2.4,4.5,5,6,6,5.7,35,52
1003.7,1002.8,1003.9,1003.5,25.5,14.1,15.4,24.2,20.3,20.1,94,53,66,71,0.8,2.4,2.4,1.9,5,4,8,5.7,52,72
1005.2,1005.4,1007,1005.9,29,14.9,17.1,28.9,22.2,22.6,83,37,52,57,0,2.4,0.8,1.1,3,3,4,3.3,72,40
1009.5,1010.6,1012,1010.7,28.7,17.1,17.9,28.4,22,22.6,71,43,66,60,0.8,2.4,0.8,1.4,6,5,1,4,40,133
1013.5,1011.7,1012.2,1012.5,27.9,16,16.4,26.9,20.4,21,82,41,62,62,2.4,2.4,0.8,1.9,0,1,0,0.3,133,49
1012.3,1010.5,1011.3,1011.4,27.4,15.5,16.8,26.1,21.4,21.4,77,48,53,59,0.8,2.4,2.4,1.9,0,5,0,1.7,49,51
1011.7,1009,1006.7,1009.1,27.3,14.5,16.4,26.8,19.8,20.7,79,39,60,59,0,0.8,0.8,0.6,0,2,0,0.7,51,51
1004.4,1002.2,1000.8,1002.5,29.8,14.9,17.1,28,21.5,22,70,33,58,54,0,0.8,0.8,0.6,0,0,0,0,51,70
1000.1,997.8,997.8,998.6,30.2,16.5,17.6,30,22.3,23.1,73,33,55,54,0.8,2.4,2.4,1.9,0,1,3,1.3,70,84
1004.3,1006.8,1007.4,1006.2,22.3,14.2,14.2,17,14.9,15.3,88,62,60,70,2.4,2.4,0.8,1.9,10,9,9,9.3,84,43
1008,1007.4,1008.9,1008.1,17.5,10.5,11.8,17.2,12.7,13.6,80,44,61,62,0.8,0.8,0.8,0.8,7,9,0,5.3,43,52
1010.2,1009.4,1011.2,1010.3,20,7.1,8.1,19.4,14,13.9,75,26,45,49,2.4,2.4,2.4,2.4,0,4,0,1.3,52,45
1012,1010.4,1008.6,1010.3,20.8,6.7,9,20.2,13.2,13.9,68,29,53,50,0,2.4,0.8,1.1,1,1,0,0.7,45,52
1005.8,1001.8,1000.1,1002.6,26.7,10.4,12.2,26.6,19.1,19.3,51,25,45,40,2.4,0.8,2.4,1.9,0,0,5,1.7,52,57
998.9,996.7,995.8,997.1,24.8,16.7,16.9,23.9,19.4,19.9,59,43,63,55,0.8,0.8,2.4,1.4,9,10,10,9.7,57,86
994.9,996.9,998.1,996.6,20,14.3,17,16.3,14.3,15.5,82,89,96,89,0.8,2.4,2.4,1.9,9,10,10,9.7,86,84
996.8,995.9,995.5,996.1,21.2,12.7,14.4,20.4,17.3,17.4,90,65,84,80,0,2.4,0.8,1.1,10,10,9,9.7,84,86
995.8,998.9,1001.3,998.7,18.8,15.1,15.9,18,15.1,16,93,84,89,89,0.8,2.4,0.8,1.4,10,8,3,7,86,85
1003.3,1002.1,1002.4,1002.6,24.5,13.2,14.8,23.7,17.3,18.3,81,47,70,66,2.4,0.8,0.8,1.4,0,4,0,1.3,85,46
1001.7,1001.1,1002.3,1001.7,27,14.5,15.2,26.2,20.3,20.5,71,46,71,63,0,2.4,0.8,1.1,3,7,1,3.7,46,45
1003,1000.1,997.7,1000.3,26.5,14.5,15.8,25,19.9,20.2,77,52,76,68,0.8,0.8,2.4,1.4,5,3,0,2.7,45,59
995.5,993.8,996.5,995.3,28.6,16.8,18.8,27.3,20.8,21.9,65,40,62,56,2.4,2.4,0.8,1.9,0,5,3,2.7,59,58
1001,997.9,994.9,997.9,26.9,15.5,16.8,26.8,20.2,21,65,29,44,46,0.8,2.4,2.4,1.9,0,0,0,0,58,122
991.6,989.9,988.5,990,29.5,15.7,17.6,29.3,23.9,23.7,63,33,45,47,2.4,2.4,2.4,2.4,4,1,6,3.7,122,145
992.3,997.3,998.3,996,24,10.9,14.7,12.7,12.4,13.1,89,73,78,80,2.4,2.4,0.8,1.9,10,10,10,10,145,46
999.3,996.8,996.6,997.6,16.8,10.3,10.5,16.2,13.1,13.2,81,52,66,66,0.8,2.4,0,1.1,9,3,6,6,46,87
995,993.9,995.1,994.7,17.2,7.3,10,17.1,13.1,13.3,75,47,73,65,0.8,0.8,0.8,0.8,8,9,5,7.3,87,20
1002.6,1000.1,998.5,1000.4,26.9,9.4,10.6,26.2,16.1,17.3,68,23,53,48,2.4,2.4,0.8,1.9,0,3,0,1,48,52
1001.9,1000.9,1006.2,1003,19.8,12.9,15.1,18.8,12.9,14.9,70,54,83,69,2.4,2.4,0.8,1.9,7,9,10,8.7,52,79
1011,1010,1008.7,1009.9,20.8,9,10.4,19.6,13.4,14.2,92,44,70,69,0.8,2.4,0.8,1.4,1,1,0,0.7,79,76
1007.8,1006.7,1006.9,1007.1,25.4,9.4,10.8,24,15.3,16.4,79,45,80,68,0.8,0.8,0.8,0.8,0,0,0,0,76,98
1007.2,1005.7,1006.3,1006.4,26.1,10.7,11.7,25.1,16.4,17.4,86,45,82,71,0,0.8,0.8,0.6,0,3,0,1,98,114
1005.9,1003.2,1002.6,1003.9,27.7,12,13.3,26.2,19.1,19.4,86,50,63,66,0,0.8,2.4,1.1,0,4,4,2.7,114,135
1001.5,1000,999,1000.2,26.4,12.3,13.4,25,18.8,19,86,44,62,64,0.8,0.8,2.4,1.4,0,0,0,0,135,142
1000.1,1000.2,1001.5,1000.6,27.8,14,14.8,27.1,17.4,19.2,80,30,52,54,0.8,0.8,0.8,0.8,0,1,0,0.3,142,106
1003.8,1002.3,1002.6,1002.9,24.4,12.4,12.9,23.5,16.8,17.5,90,53,83,75,0.8,0.8,0.8,0.8,8,0,0,2.7,106,127
1002.4,1001,1001.8,1001.7,25.1,12.8,13.8,24,16.8,17.9,85,50,78,71,0.8,0.8,0.8,0.8,4,0,0,1.3,127,145
1002.1,1001.1,1002.1,1001.8,25.2,13,15.4,24.4,17.3,18.6,78,47,83,69,0.8,0.8,0.8,0.8,0,0,0,0,145,156
1003.9,1003.5,1004.2,1003.9,26.7,12.5,13,26.2,16.7,18.2,95,42,72,70,0.8,0.8,0.8,0.8,0,0,0,0,156,144
1006.3,1006.1,1006.7,1006.4,27.7,12.1,12.7,27.1,18,19,82,38,73,64,0.8,0.8,0.8,0.8,3,1,0,1.3,144,122
1007.7,1006.7,1006.8,1007.1,27.1,12.7,13.3,26.6,17.9,18.9,85,39,60,61,0.8,0.8,0.8,0.8,0,0,0,0,122,159
1006,1003.6,1003.1,1004.2,29.5,14.5,16.4,28.8,19.4,21,65,29,56,50,2.4,2.4,2.4,2.4,0,0,0,0,159,132
1001.9,1000.2,1000.1,1000.7,28.7,15.7,15.9,28.1,18.8,20.4,55,25,51,44,2.4,2.4,2.4,2.4,0,0,0,0,132,114
1002.4,1003.9,1006.7,1004.3,23.3,12,12.3,23.2,15.3,16.5,76,46,73,65,0,0.8,0.8,0.6,0,0,0,0,114,160
1008.8,1007.1,1007,1007.6,23.1,11.6,11.9,22.4,15.1,16.1,91,50,72,71,0.8,2.4,0.8,1.4,0,0,0,0,160,180
1005.2,1003.1,1002.3,1003.5,23.1,9.4,10,22.9,13.7,15.1,90,47,75,71,0,0.8,0.8,0.6,0,0,0,0,180,171
1001,1000.3,1001.2,1000.8,22.4,9.2,9.9,21.4,15,15.3,88,51,78,72,0,0.8,0.8,0.6,0,0,0,0,171,164
1001.6,1001.1,1005.4,1002.7,17.2,8.4,11.6,17.1,8.4,11.4,81,60,95,79,0.8,2.4,2.4,1.9,5,9,10,8,164,113
1008.3,1007.7,1010.2,1008.7,10.7,7.4,7.8,10.5,7.5,8.3,92,73,82,82,2.4,0.8,4.4,2.5,10,10,10,10,113,72
1009.7,1008.4,1009.4,1009.2,9.9,4.5,4.8,9.6,7.4,7.3,93,68,79,80,0.8,2.4,2.4,1.9,7,9,10,8.7,72,64
1008.4,1006.1,1003.4,1006,12,4.9,4.9,11.4,6.2,7.2,86,57,78,74,2.4,4.4,4.4,3.7,4,5,0,3,64,143
997.4,994.3,993.1,994.9,14.5,5.4,7.6,13.7,12,11.3,77,69,77,74,6.7,6.7,6.7,6.7,9,10,10,9.7,143,54
989.9,987,985.7,987.5,19.8,12,14.7,18,17.7,17,75,63,64,67,2.4,6.7,4.4,4.5,7,10,9,8.7,54,42
982.5,984.4,989.7,985.5,20.3,13.7,18,17.4,13.7,15.7,70,81,86,79,6.7,0.8,0.8,2.8,9,6,4,6.3,42,81
991.1,987.6,985.9,988.2,24.9,12,14,24.4,19.4,19.3,62,37,54,51,2.4,6.7,4.4,4.5,0,3,5,2.7,81,25
994.9,993.9,995,994.6,20,13.6,13.9,20,14.7,15.8,65,51,79,65,2.4,4.4,0.8,2.5,5,9,8,7.3,51,59
990.4,993,1000.2,994.5,19.6,10.4,12.6,16.3,10.4,12.4,91,73,89,84,0.8,0.8,0.8,0.8,10,8,9,9,59,53
1003.4,1001.6,998.7,1001.2,13.6,9.4,10.1,13.2,10.2,10.9,90,68,95,84,0.8,2.4,2.4,1.9,9,5,4,6,53,82
995.7,990.4,991.5,992.5,17.7,10.2,10.8,15.8,17.1,15.2,77,64,72,71,4.4,4.4,2.4,3.7,5,10,10,8.3,82,82
987,985.1,990.4,987.5,21.2,12.4,13,20.8,17.4,17.2,86,45,60,64,4.4,6.7,4.4,5.1,10,6,10,8.7,82,37
994.5,995.3,996.6,995.5,17.4,10,10.4,11.2,10.4,10.6,93,89,93,92,2.4,0.8,0.8,1.4,10,10,10,10,37,80
997.6,997.1,997.6,997.4,19,10.3,11.2,17.9,14.6,14.6,92,56,72,73,2.4,2.4,4.4,3,10,9,8,9,80,76
1000.4,1000.8,1001.3,1000.8,18.2,13.8,14.8,18.1,13.8,15.1,67,56,74,66,4.4,4.4,4.4,4.4,9,10,7,8.7,76,56
1000.7,998.8,997.2,998.9,17.9,11.7,11.9,16.2,13.8,13.9,79,58,72,70,6.7,4.4,4.4,5.1,5,9,9,7.7,56,47
996,1000.9,1004.6,1000.5,20.3,12.4,14,17.9,12.4,14.2,73,50,78,67,6.7,2.4,2.4,3.8,10,1,0,3.7,47,60
1006,1003.8,1002.9,1004.2,18.3,10,10,18.2,12.9,13.5,83,54,72,70,2.4,2.4,4.4,3,4,5,6,5,60,68
997.8,996.3,997.8,997.3,16.3,12.1,13.4,15.7,13.3,13.9,76,68,74,73,6.7,6.7,4.4,5.9,10,9,5,8,68,51
999.6,998.8,999.5,999.3,18.3,10.8,10.9,16.4,10.8,12.2,83,62,80,75,4.4,4.4,4.4,4.4,3,4,1,2.7,51,43
1001,1001.4,1002.6,1001.7,11.1,5.2,8.1,9.6,5.2,7,72,60,73,68,4.4,4.4,6.7,5.1,10,7,0,5.7,43,14
1002,1000.1,1001,1001,11.3,3.3,3.4,11.2,4.9,6.1,76,51,74,67,6.7,6.7,6.7,6.7,1,1,0,0.7,14,34
1000.9,998.4,997.9,999.1,13.1,4.3,4.9,12.1,6,7.3,78,57,77,71,6.7,4.4,6.7,5.9,3,6,0,3,34,42
996.8,995.4,996.6,996.3,14.3,5.4,5.9,13.6,9.8,9.8,81,60,84,75,4.4,4.4,4.4,4.4,1,0,3,1.3,42,39
997.1,996.4,996.8,996.8,14,6.7,7.8,13.6,7.7,9.2,85,61,85,77,0.8,2.4,2.4,1.9,10,4,0,4.7,39,104
995.2,992.6,992,993.3,15.3,2.8,4.6,15,10.8,10.3,93,60,77,77,2.4,2.4,4.4,3,0,3,10,4.3,104,109
990.7,989.9,990,990.2,15,10.6,11,13.2,10.7,11.4,87,91,94,91,2.4,2.4,2.4,2.4,8,10,10,9.3,109,66
991.2,992.7,994.2,992.7,15.6,9.5,10.2,14.6,10.2,11.3,86,73,87,82,0.8,2.4,0.8,1.4,7,6,9,7.3,66,77
1000,1004.8,1009,1004.6,11.8,2.7,6.1,8.3,2.7,5,84,49,73,69,2.4,2.4,0.8,1.9,10,1,0,3.7,77,59
1011.4,1009.9,1008,1009.8,7.1,-1.4,-1.3,6.3,3,2.8,87,51,56,65,0.8,2.4,4.4,2.5,0,3,5,2.7,59,129
1002.7,999.2,1007.6,1003.2,8.6,2.6,4,8.4,2.6,4.4,58,59,90,69,6.7,4.4,2.4,4.5,10,10,10,10,129,42
1010.1,1010,1012,1010.7,4.8,1.5,1.8,4.5,3.4,3.3,90,75,92,86,2.4,0.8,2.4,1.9,10,9,9,9.3,42,58
1013.9,1014.6,1015.3,1014.6,5.3,0.5,1.2,3.6,0.5,1.5,93,83,95,90,0.8,2.4,0.8,1.4,10,9,0,6.3,58,67
1013.3,1012.6,1012.7,1012.9,4.9,-1.6,-1.3,1.4,0.2,0.1,88,86,91,88,2.4,2.4,0.8,1.9,0,9,10,6.3,67,13
997.5,993.7,992,994.4,15.7,2,5.4,15.5,11.1,10.8,83,51,66,67,0.8,2.4,2.4,1.9,3,8,8,6.3,53,69
994.7,998.9,1003.6,999.1,11.1,6.1,7.2,6.4,6.1,6.5,84,93,96,91,2.4,2.4,0.8,1.9,7,10,10,9,69,81
1004.3,1001.8,998.7,1001.6,6.1,3.2,3.3,4.1,3.6,3.7,80,78,83,80,0.8,0.8,0.8,0.8,10,9,10,9.7,81,68
992.5,990.6,988.5,990.5,8.2,3.2,3.9,5.8,3.8,4.3,89,86,91,89,2.4,2.4,0,1.6,9,10,10,9.7,68,119
984,979,976.4,979.8,13.6,2.5,3,13.2,7,7.6,94,49,79,74,0.8,4.4,4.4,3.2,10,4,3,5.7,119,105
978.3,987,995.5,986.9,10.3,4.6,7.5,6.3,4.8,5.9,75,88,91,85,4.4,2.4,0.8,2.5,9,10,7,8.7,105,82
1000.1,1000.2,1002.9,1001.1,16.4,3,4.8,15.7,8.8,9.5,87,43,66,65,2.4,0.8,2.4,1.9,0,3,0,1,82,128
1006,1004.9,1005,1005.3,15.3,4.6,5.1,14.9,9.4,9.7,79,49,70,66,0,0.8,0.8,0.6,0,1,1,0.7,128,169
1004.8,1005.2,1005.8,1005.3,16.8,6.2,6.2,16.4,10.8,11.1,81,54,70,68,0.8,2.4,0.8,1.4,1,3,0,1.3,169,177
1007.5,1008.5,1010.3,1008.8,15.3,6.6,6.9,14.3,9.6,10.1,87,61,73,74,0.8,2.4,2.4,1.9,4,4,1,3,177,180
1010.1,1007.6,1006.3,1008,17.3,6.5,7.2,16.4,10.4,11.1,82,51,70,68,0.8,2.4,2.4,1.9,1,6,5,4,180,172
1001.3,996,993.3,996.9,15.8,9.6,10.2,15.1,11.6,12.1,58,53,70,60,4.4,4.4,2.4,3.7,6,3,0,3,172,81
989.7,983.7,980.7,984.7,16.9,11.2,14.2,16.7,15.9,15.7,62,53,54,56,4.4,6.7,4.4,5.1,7,7,8,7.3,81,46
979.3,970.8,972.1,974.1,16.4,10.4,11,16.1,13.1,13.3,78,64,68,70,4.4,6.7,4.4,5.1,3,9,5,5.7,46,36
977.7,980.2,985.7,981.2,13.1,6,6.4,7.7,6.4,6.7,95,88,92,92,4.4,4.4,2.4,3.7,10,10,10,10,36,26
993.2,996.4,996.9,995.5,8.6,5.3,6.8,8.1,5.3,6.4,78,76,82,79,4.4,4.4,2.4,3.7,10,10,0,6.7,26,41
996.5,997,998.7,997.4,7,4.5,5,6.6,6.4,6.1,79,91,82,84,2.4,2.4,2.4,2.4,9,10,7,8.7,41,95
1002,1005.4,1007,1004.8,6.7,4,5.6,4.6,4,4.6,82,91,89,87,2.4,2.4,2.4,2.4,10,10,5,8.3,95,60
1006.6,1005.9,1007.4,1006.6,5.2,0.9,1.2,4.9,4.3,3.7,90,77,79,82,2.4,2.4,2.4,2.4,6,10,10,8.7,60,87
1009.3,1010.6,1013.8,1011.2,4.3,0.9,1.2,2.2,1.5,1.6,97,89,88,91,2.4,2.4,0.8,1.9,10,10,10,10,87,58
1015.5,1015.7,1018.8,1016.7,1.6,0,0.5,0,0,0.1,82,89,84,85,2.4,2.4,2.4,2.4,10,10,10,10,58,69
